ds,servers,candidate_1,candidate_2,candidate_3
2023-05-20 00:03:17,5,7,0,0
2023-05-20 00:08:17,5,7,0,0
2023-05-20 00:13:17,5,7,0,0
2023-05-20 00:18:17,5,7,0,0
2023-05-20 00:23:17,5,7,0,0
2023-05-20 00:28:17,5,7,0,0
2023-05-20 00:33:17,5,7,0,0
2023-05-20 00:38:17,5,7,0,0
2023-05-20 00:43:17,5,8,0,0
2023-05-20 00:48:17,5,8,0,0
2023-05-20 00:53:17,5,8,0,0
2023-05-20 00:58:17,6,8,0,0
2023-05-20 01:03:17,6,8,0,0
2023-05-20 01:08:17,6,8,0,0
2023-05-20 01:13:17,6,8,0,0
2023-05-20 01:18:17,6,9,0,0
2023-05-20 01:23:17,6,9,0,0
2023-05-20 01:28:17,6,9,0,0
2023-05-20 01:33:17,6,9,0,0
2023-05-20 01:38:17,6,9,0,0
2023-05-20 01:43:17,6,9,0,0
2023-05-20 01:48:17,6,9,0,0
2023-05-20 01:53:17,6,9,0,0
2023-05-20 01:58:17,6,9,0,0
2023-05-20 02:03:17,7,10,0,0
2023-05-20 02:08:17,7,10,0,0
2023-05-20 02:13:17,7,10,0,0
2023-05-20 02:18:17,7,10,0,0
2023-05-20 02:23:17,7,10,0,0
2023-05-20 02:28:17,7,10,0,0
2023-05-20 02:33:17,7,10,0,0
2023-05-20 02:38:17,7,10,0,0
2023-05-20 02:43:17,7,10,0,0
2023-05-20 02:48:17,7,11,0,0
2023-05-20 02:53:17,7,11,0,0
2023-05-20 02:58:17,7,11,0,0
2023-05-20 03:03:17,7,11,0,0
2023-05-20 03:08:17,7,11,0,0
2023-05-20 03:13:17,7,11,0,0
2023-05-20 03:18:17,8,11,0,0
2023-05-20 03:23:17,8,11,0,0
2023-05-20 03:28:17,8,11,0,0
2023-05-20 03:33:17,8,11,0,0
2023-05-20 03:38:17,8,11,0,0
2023-05-20 03:43:17,8,11,0,0
2023-05-20 03:48:17,8,12,0,0
2023-05-20 03:53:17,8,12,0,0
2023-05-20 03:58:17,8,12,0,0
2023-05-20 04:03:17,8,12,0,0
2023-05-20 04:08:17,8,12,0,0
2023-05-20 04:13:17,8,12,0,0
2023-05-20 04:18:17,8,12,0,0
2023-05-20 04:23:17,8,12,0,0
2023-05-20 04:28:17,8,12,0,0
2023-05-20 04:33:17,8,12,0,0
2023-05-20 04:38:17,8,12,0,0
2023-05-20 04:43:17,8,12,0,0
2023-05-20 04:48:17,8,12,0,0
2023-05-20 04:53:17,8,12,0,0
2023-05-20 04:58:17,8,12,0,0
2023-05-20 05:03:17,8,12,0,0
2023-05-20 05:08:17,8,12,0,0
2023-05-20 05:13:17,8,12,0,0
2023-05-20 05:18:17,8,12,0,0
2023-05-20 05:23:17,8,12,0,0
2023-05-20 05:28:17,8,12,0,0
2023-05-20 05:33:17,8,12,0,0
2023-05-20 05:38:17,8,12,0,0
2023-05-20 05:43:17,8,12,0,0
2023-05-20 05:48:17,8,12,0,0
2023-05-20 05:53:17,8,12,0,0
2023-05-20 05:58:17,8,12,0,0
2023-05-20 06:03:17,8,12,0,0
2023-05-20 06:08:17,8,12,0,0
2023-05-20 06:13:17,8,12,0,0
2023-05-20 06:18:17,8,12,0,0
2023-05-20 06:23:17,8,12,0,0
2023-05-20 06:28:17,8,12,0,0
2023-05-20 06:33:17,8,12,0,0
2023-05-20 06:38:17,8,12,0,0
2023-05-20 06:43:17,8,12,0,0
2023-05-20 06:48:17,8,12,0,0
2023-05-20 06:53:17,8,12,0,0
2023-05-20 06:58:17,8,12,0,0
2023-05-20 07:03:17,8,12,0,0
2023-05-20 07:08:17,8,12,0,0
2023-05-20 07:13:17,8,12,0,0
2023-05-20 07:18:17,8,12,0,0
2023-05-20 07:23:17,8,12,0,0
2023-05-20 07:28:17,8,12,0,0
2023-05-20 07:33:17,8,12,0,0
2023-05-20 07:38:17,8,12,0,0
2023-05-20 07:43:17,8,12,0,0
2023-05-20 07:48:17,8,12,0,0
2023-05-20 07:53:17,8,12,0,0
2023-05-20 07:58:17,8,12,0,0
2023-05-20 08:03:17,8,12,0,0
2023-05-20 08:08:17,8,12,0,0
2023-05-20 08:13:17,8,12,0,0
2023-05-20 08:18:17,8,11,0,0
2023-05-20 08:23:17,8,11,0,0
2023-05-20 08:28:17,8,11,0,0
2023-05-20 08:33:17,8,11,0,0
2023-05-20 08:38:17,8,11,0,0
2023-05-20 08:43:17,8,11,0,0
2023-05-20 08:48:17,7,11,0,0
2023-05-20 08:53:17,7,11,0,0
2023-05-20 08:58:17,7,11,0,0
2023-05-20 09:03:17,7,11,0,0
2023-05-20 09:08:17,7,11,0,0
2023-05-20 09:13:17,7,10,0,0
2023-05-20 09:18:17,7,10,0,0
2023-05-20 09:23:17,7,10,0,0
2023-05-20 09:28:17,7,10,0,0
2023-05-20 09:33:17,7,10,0,0
2023-05-20 09:38:17,7,10,0,0
2023-05-20 09:43:17,7,10,0,0
2023-05-20 09:48:17,7,10,0,0
2023-05-20 09:53:17,7,10,0,0
2023-05-20 09:58:17,7,10,0,0
2023-05-20 10:03:17,6,9,0,0
2023-05-20 10:08:17,6,9,0,0
2023-05-20 10:13:17,6,9,0,0
2023-05-20 10:18:17,6,9,0,0
2023-05-20 10:23:17,6,9,0,0
2023-05-20 10:28:17,6,9,0,0
2023-05-20 10:33:17,6,9,0,0
2023-05-20 10:38:17,6,9,0,0
2023-05-20 10:43:17,6,8,0,0
2023-05-20 10:48:17,6,8,0,0
2023-05-20 10:53:17,6,8,0,0
2023-05-20 10:58:17,6,8,0,0
2023-05-20 11:03:17,5,8,0,0
2023-05-20 11:08:17,5,8,0,0
2023-05-20 11:13:17,5,8,0,0
2023-05-20 11:18:17,5,8,0,0
2023-05-20 11:23:17,5,7,0,0
2023-05-20 11:28:17,5,7,0,0
2023-05-20 11:33:17,5,7,0,0
2023-05-20 11:38:17,5,7,0,0
2023-05-20 11:43:17,5,7,0,0
2023-05-20 11:48:17,5,7,0,0
2023-05-20 11:53:17,5,7,0,0
2023-05-20 11:58:17,5,7,0,0
2023-05-20 12:03:17,4,6,0,0
2023-05-20 12:08:17,4,6,0,0
2023-05-20 12:13:17,4,6,0,0
2023-05-20 12:18:17,4,6,0,0
2023-05-20 12:23:17,4,6,0,0
2023-05-20 12:28:17,4,6,0,0
2023-05-20 12:33:17,4,6,0,0
2023-05-20 12:38:17,4,6,0,0
2023-05-20 12:43:17,4,5,0,0
2023-05-20 12:48:17,4,5,0,0
2023-05-20 12:53:17,4,5,0,0
2023-05-20 12:58:17,3,5,0,0
2023-05-20 13:03:17,3,5,0,0
2023-05-20 13:08:17,3,5,0,0
2023-05-20 13:13:17,3,5,0,0
2023-05-20 13:18:17,3,4,0,0
2023-05-20 13:23:17,3,4,0,0
2023-05-20 13:28:17,3,4,0,0
2023-05-20 13:33:17,3,4,0,0
2023-05-20 13:38:17,3,4,0,0
2023-05-20 13:43:17,3,4,0,0
2023-05-20 13:48:17,3,4,0,0
2023-05-20 13:53:17,3,4,0,0
2023-05-20 13:58:17,3,4,0,0
2023-05-20 14:03:17,2,3,0,0
2023-05-20 14:08:17,2,3,0,0
2023-05-20 14:13:17,2,3,0,0
2023-05-20 14:18:17,2,3,0,0
2023-05-20 14:23:17,2,3,0,0
2023-05-20 14:28:17,2,3,0,0
2023-05-20 14:33:17,2,3,0,0
2023-05-20 14:38:17,2,3,0,0
2023-05-20 14:43:17,2,3,0,0
2023-05-20 14:48:17,2,2,0,0
2023-05-20 14:53:17,2,2,0,0
2023-05-20 14:58:17,2,2,0,0
2023-05-20 15:03:17,2,2,0,0
2023-05-20 15:08:17,2,2,0,0
2023-05-20 15:13:17,2,2,0,0
2023-05-20 15:18:17,1,2,0,0
2023-05-20 15:23:17,1,2,0,0
2023-05-20 15:28:17,1,2,0,0
2023-05-20 15:33:17,1,2,0,0
2023-05-20 15:38:17,1,2,0,0
2023-05-20 15:43:17,1,2,0,0
2023-05-20 15:48:17,1,1,0,0
2023-05-20 15:53:17,1,1,0,0
2023-05-20 15:58:17,1,1,0,0
2023-05-20 16:03:17,1,1,0,0
2023-05-20 16:08:17,1,1,0,0
2023-05-20 16:13:17,1,1,0,0
2023-05-20 16:18:17,1,1,0,0
2023-05-20 16:23:17,1,1,0,0
2023-05-20 16:28:17,1,1,0,0
2023-05-20 16:33:17,1,1,0,0
2023-05-20 16:38:17,1,1,0,0
2023-05-20 16:43:17,1,1,0,0
2023-05-20 16:48:17,1,1,0,0
2023-05-20 16:53:17,1,1,0,0
2023-05-20 16:58:17,1,1,0,0
2023-05-20 17:03:17,1,1,0,0
2023-05-20 17:08:17,1,1,0,0
2023-05-20 17:13:17,1,1,0,0
2023-05-20 17:18:17,1,1,0,0
2023-05-20 17:23:17,1,1,0,0
2023-05-20 17:28:17,1,1,0,0
2023-05-20 17:33:17,1,1,0,0
2023-05-20 17:38:17,1,1,0,0
2023-05-20 17:43:17,1,1,0,0
2023-05-20 17:48:17,1,1,0,0
2023-05-20 17:53:17,1,1,0,0
2023-05-20 17:58:17,1,1,0,0
2023-05-20 18:03:17,1,1,0,0
2023-05-20 18:08:17,1,1,0,0
2023-05-20 18:13:17,1,1,0,0
2023-05-20 18:18:17,1,1,0,0
2023-05-20 18:23:17,1,1,0,0
2023-05-20 18:28:17,1,1,0,0
2023-05-20 18:33:17,1,1,0,0
2023-05-20 18:38:17,1,1,0,0
2023-05-20 18:43:17,1,1,0,0
2023-05-20 18:48:17,1,1,0,0
2023-05-20 18:53:17,1,1,0,0
2023-05-20 18:58:17,1,1,0,0
2023-05-20 19:03:17,1,1,0,0
2023-05-20 19:08:17,1,1,0,0
2023-05-20 19:13:17,1,1,0,0
2023-05-20 19:18:17,1,1,0,0
2023-05-20 19:23:17,1,1,0,0
2023-05-20 19:28:17,1,1,0,0
2023-05-20 19:33:17,1,1,0,0
2023-05-20 19:38:17,1,1,0,0
2023-05-20 19:43:17,1,1,0,0
2023-05-20 19:48:17,1,1,0,0
2023-05-20 19:53:17,1,1,0,0
2023-05-20 19:58:17,1,1,0,0
2023-05-20 20:03:17,1,1,0,0
2023-05-20 20:08:17,1,1,0,0
2023-05-20 20:13:17,1,1,0,0
2023-05-20 20:18:17,1,2,0,0
2023-05-20 20:23:17,1,2,0,0
2023-05-20 20:28:17,1,2,0,0
2023-05-20 20:33:17,1,2,0,0
2023-05-20 20:38:17,1,2,0,0
2023-05-20 20:43:17,1,2,0,0
2023-05-20 20:48:17,2,2,0,0
2023-05-20 20:53:17,2,2,0,0
2023-05-20 20:58:17,2,2,0,0
2023-05-20 21:03:17,2,2,0,0
2023-05-20 21:08:17,2,2,0,0
2023-05-20 21:13:17,2,3,0,0
2023-05-20 21:18:17,2,3,0,0
2023-05-20 21:23:17,2,3,0,0
2023-05-20 21:28:17,2,3,0,0
2023-05-20 21:33:17,2,3,0,0
2023-05-20 21:38:17,2,3,0,0
2023-05-20 21:43:17,2,3,0,0
2023-05-20 21:48:17,2,3,0,0
2023-05-20 21:53:17,2,3,0,0
2023-05-20 21:58:17,2,3,0,0
2023-05-20 22:03:17,3,4,0,0
2023-05-20 22:08:17,3,4,0,0
2023-05-20 22:13:17,3,4,0,0
2023-05-20 22:18:17,3,4,0,0
2023-05-20 22:23:17,3,4,0,0
2023-05-20 22:28:17,3,4,0,0
2023-05-20 22:33:17,3,4,0,0
2023-05-20 22:38:17,3,4,0,0
2023-05-20 22:43:17,3,5,0,0
2023-05-20 22:48:17,3,5,0,0
2023-05-20 22:53:17,3,5,0,0
2023-05-20 22:58:17,3,5,0,0
2023-05-20 23:03:17,4,5,0,0
2023-05-20 23:08:17,4,5,0,0
2023-05-20 23:13:17,4,5,0,0
2023-05-20 23:18:17,4,5,0,0
2023-05-20 23:23:17,4,6,0,0
2023-05-20 23:28:17,4,6,0,0
2023-05-20 23:33:17,4,6,0,0
2023-05-20 23:38:17,4,6,0,0
2023-05-20 23:43:17,4,6,0,0
2023-05-20 23:48:17,4,6,0,0
2023-05-20 23:53:17,4,6,0,0
2023-05-20 23:58:17,4,6,0,0
2023-05-21 00:03:17,5,7,0,0
2023-05-21 00:08:17,5,7,0,0
2023-05-21 00:13:17,5,7,0,0
2023-05-21 00:18:17,5,7,0,0
2023-05-21 00:23:17,5,7,0,0
2023-05-21 00:28:17,5,7,0,0
2023-05-21 00:33:17,5,7,0,0
2023-05-21 00:38:17,5,7,0,0
2023-05-21 00:43:17,5,8,0,0
2023-05-21 00:48:17,5,8,0,0
2023-05-21 00:53:17,5,8,0,0
2023-05-21 00:58:17,6,8,0,0
2023-05-21 01:03:17,6,8,0,0
2023-05-21 01:08:17,6,8,0,0
2023-05-21 01:13:17,6,8,0,0
2023-05-21 01:18:17,6,9,0,0
2023-05-21 01:23:17,6,9,0,0
2023-05-21 01:28:17,6,9,0,0
2023-05-21 01:33:17,6,9,0,0
2023-05-21 01:38:17,6,9,0,0
2023-05-21 01:43:17,6,9,0,0
2023-05-21 01:48:17,6,9,0,0
2023-05-21 01:53:17,6,9,0,0
2023-05-21 01:58:17,6,9,0,0
2023-05-21 02:03:17,7,10,0,0
2023-05-21 02:08:17,7,10,0,0
2023-05-21 02:13:17,7,10,0,0
2023-05-21 02:18:17,7,10,0,0
2023-05-21 02:23:17,7,10,0,0
2023-05-21 02:28:17,7,10,0,0
2023-05-21 02:33:17,7,10,0,0
2023-05-21 02:38:17,7,10,0,0
2023-05-21 02:43:17,7,10,0,0
2023-05-21 02:48:17,7,11,0,0
2023-05-21 02:53:17,7,11,0,0
2023-05-21 02:58:17,7,11,0,0
2023-05-21 03:03:17,7,11,0,0
2023-05-21 03:08:17,7,11,0,0
2023-05-21 03:13:17,7,11,0,0
2023-05-21 03:18:17,8,11,0,0
2023-05-21 03:23:17,8,11,0,0
2023-05-21 03:28:17,8,11,0,0
2023-05-21 03:33:17,8,11,0,0
2023-05-21 03:38:17,8,11,0,0
2023-05-21 03:43:17,8,11,0,0
2023-05-21 03:48:17,8,12,0,0
2023-05-21 03:53:17,8,12,0,0
2023-05-21 03:58:17,8,12,0,0
2023-05-21 04:03:17,8,12,0,0
2023-05-21 04:08:17,8,12,0,0
2023-05-21 04:13:17,8,12,0,0
2023-05-21 04:18:17,8,12,0,0
2023-05-21 04:23:17,8,12,0,0
2023-05-21 04:28:17,8,12,0,0
2023-05-21 04:33:17,8,12,0,0
2023-05-21 04:38:17,8,12,0,0
2023-05-21 04:43:17,8,12,0,0
2023-05-21 04:48:17,8,12,0,0
2023-05-21 04:53:17,8,12,0,0
2023-05-21 04:58:17,8,12,0,0
2023-05-21 05:03:17,8,12,0,0
2023-05-21 05:08:17,8,12,0,0
2023-05-21 05:13:17,8,12,0,0
2023-05-21 05:18:17,8,12,0,0
2023-05-21 05:23:17,8,12,0,0
2023-05-21 05:28:17,8,12,0,0
2023-05-21 05:33:17,8,12,0,0
2023-05-21 05:38:17,8,12,0,0
2023-05-21 05:43:17,8,12,0,0
2023-05-21 05:48:17,8,12,0,0
2023-05-21 05:53:17,8,12,0,0
2023-05-21 05:58:17,8,12,0,0
2023-05-21 06:03:17,8,12,0,0
2023-05-21 06:08:17,8,12,0,0
2023-05-21 06:13:17,8,12,0,0
2023-05-21 06:18:17,8,12,0,0
2023-05-21 06:23:17,8,12,0,0
2023-05-21 06:28:17,8,12,0,0
2023-05-21 06:33:17,8,12,0,0
2023-05-21 06:38:17,8,12,0,0
2023-05-21 06:43:17,8,12,0,0
2023-05-21 06:48:17,8,12,0,0
2023-05-21 06:53:17,8,12,0,0
2023-05-21 06:58:17,8,12,0,0
2023-05-21 07:03:17,8,12,0,0
2023-05-21 07:08:17,8,12,0,0
2023-05-21 07:13:17,8,12,0,0
2023-05-21 07:18:17,8,12,0,0
2023-05-21 07:23:17,8,12,0,0
2023-05-21 07:28:17,8,12,0,0
2023-05-21 07:33:17,8,12,0,0
2023-05-21 07:38:17,8,12,0,0
2023-05-21 07:43:17,8,12,0,0
2023-05-21 07:48:17,8,12,0,0
2023-05-21 07:53:17,8,12,0,0
2023-05-21 07:58:17,8,12,0,0
2023-05-21 08:03:17,8,12,0,0
2023-05-21 08:08:17,8,12,0,0
2023-05-21 08:13:17,8,12,0,0
2023-05-21 08:18:17,8,11,0,0
2023-05-21 08:23:17,8,11,0,0
2023-05-21 08:28:17,8,11,0,0
2023-05-21 08:33:17,8,11,0,0
2023-05-21 08:38:17,8,11,0,0
2023-05-21 08:43:17,8,11,0,0
2023-05-21 08:48:17,7,11,0,0
2023-05-21 08:53:17,7,11,0,0
2023-05-21 08:58:17,7,11,0,0
2023-05-21 09:03:17,7,11,0,0
2023-05-21 09:08:17,7,11,0,0
2023-05-21 09:13:17,7,10,0,0
2023-05-21 09:18:17,7,10,0,0
2023-05-21 09:23:17,7,10,0,0
2023-05-21 09:28:17,7,10,0,0
2023-05-21 09:33:17,7,10,0,0
2023-05-21 09:38:17,7,10,0,0
2023-05-21 09:43:17,7,10,0,0
2023-05-21 09:48:17,7,10,0,0
2023-05-21 09:53:17,7,10,0,0
2023-05-21 09:58:17,7,10,0,0
2023-05-21 10:03:17,6,9,0,0
2023-05-21 10:08:17,6,9,0,0
2023-05-21 10:13:17,6,9,0,0
2023-05-21 10:18:17,6,9,0,0
2023-05-21 10:23:17,6,9,0,0
2023-05-21 10:28:17,6,9,0,0
2023-05-21 10:33:17,6,9,0,0
2023-05-21 10:38:17,6,9,0,0
2023-05-21 10:43:17,6,8,0,0
2023-05-21 10:48:17,6,8,0,0
2023-05-21 10:53:17,6,8,0,0
2023-05-21 10:58:17,6,8,0,0
2023-05-21 11:03:17,5,8,0,0
2023-05-21 11:08:17,5,8,0,0
2023-05-21 11:13:17,5,8,0,0
2023-05-21 11:18:17,5,8,0,0
2023-05-21 11:23:17,5,7,0,0
2023-05-21 11:28:17,5,7,0,0
2023-05-21 11:33:17,5,7,0,0
2023-05-21 11:38:17,5,7,0,0
2023-05-21 11:43:17,5,7,0,0
2023-05-21 11:48:17,5,7,0,0
2023-05-21 11:53:17,5,7,0,0
2023-05-21 11:58:17,5,7,0,0
2023-05-21 12:03:17,4,6,0,0
2023-05-21 12:08:17,4,6,0,0
2023-05-21 12:13:17,4,6,0,0
2023-05-21 12:18:17,4,6,0,0
2023-05-21 12:23:17,4,6,0,0
2023-05-21 12:28:17,4,6,0,0
2023-05-21 12:33:17,4,6,0,0
2023-05-21 12:38:17,4,6,0,0
2023-05-21 12:43:17,4,5,0,0
2023-05-21 12:48:17,4,5,0,0
2023-05-21 12:53:17,4,5,0,0
2023-05-21 12:58:17,3,5,0,0
2023-05-21 13:03:17,3,5,0,0
2023-05-21 13:08:17,3,5,0,0
2023-05-21 13:13:17,3,5,0,0
2023-05-21 13:18:17,3,4,0,0
2023-05-21 13:23:17,3,4,0,0
2023-05-21 13:28:17,3,4,0,0
2023-05-21 13:33:17,3,4,0,0
2023-05-21 13:38:17,3,4,0,0
2023-05-21 13:43:17,3,4,0,0
2023-05-21 13:48:17,3,4,0,0
2023-05-21 13:53:17,3,4,0,0
2023-05-21 13:58:17,3,4,0,0
2023-05-21 14:03:17,2,3,0,0
2023-05-21 14:08:17,2,3,0,0
2023-05-21 14:13:17,2,3,0,0
2023-05-21 14:18:17,2,3,0,0
2023-05-21 14:23:17,2,3,0,0
2023-05-21 14:28:17,2,3,0,0
2023-05-21 14:33:17,2,3,0,0
2023-05-21 14:38:17,2,3,0,0
2023-05-21 14:43:17,2,3,0,0
2023-05-21 14:48:17,2,2,0,0
2023-05-21 14:53:17,2,2,0,0
2023-05-21 14:58:17,2,2,0,0
2023-05-21 15:03:17,2,2,0,0
2023-05-21 15:08:17,2,2,0,0
2023-05-21 15:13:17,2,2,0,0
2023-05-21 15:18:17,1,2,0,0
2023-05-21 15:23:17,1,2,0,0
2023-05-21 15:28:17,1,2,0,0
2023-05-21 15:33:17,1,2,0,0
2023-05-21 15:38:17,1,2,0,0
2023-05-21 15:43:17,1,2,0,0
2023-05-21 15:48:17,1,1,0,0
2023-05-21 15:53:17,1,1,0,0
2023-05-21 15:58:17,1,1,0,0
2023-05-21 16:03:17,1,1,0,0
2023-05-21 16:08:17,1,1,0,0
2023-05-21 16:13:17,1,1,0,0
2023-05-21 16:18:17,1,1,0,0
2023-05-21 16:23:17,1,1,0,0
2023-05-21 16:28:17,1,1,0,0
2023-05-21 16:33:17,1,1,0,0
2023-05-21 16:38:17,1,1,0,0
2023-05-21 16:43:17,1,1,0,0
2023-05-21 16:48:17,1,1,0,0
2023-05-21 16:53:17,1,1,0,0
2023-05-21 16:58:17,1,1,0,0
2023-05-21 17:03:17,1,1,0,0
2023-05-21 17:08:17,1,1,0,0
2023-05-21 17:13:17,1,1,0,0
2023-05-21 17:18:17,1,1,0,0
2023-05-21 17:23:17,1,1,0,0
2023-05-21 17:28:17,1,1,0,0
2023-05-21 17:33:17,1,1,0,0
2023-05-21 17:38:17,1,1,0,0
2023-05-21 17:43:17,1,1,0,0
2023-05-21 17:48:17,1,1,0,0
2023-05-21 17:53:17,1,1,0,0
2023-05-21 17:58:17,1,1,0,0
2023-05-21 18:03:17,1,1,0,0
2023-05-21 18:08:17,1,1,0,0
2023-05-21 18:13:17,1,1,0,0
2023-05-21 18:18:17,1,1,0,0
2023-05-21 18:23:17,1,1,0,0
2023-05-21 18:28:17,1,1,0,0
2023-05-21 18:33:17,1,1,0,0
2023-05-21 18:38:17,1,1,0,0
2023-05-21 18:43:17,1,1,0,0
2023-05-21 18:48:17,1,1,0,0
2023-05-21 18:53:17,1,1,0,0
2023-05-21 18:58:17,1,1,0,0
2023-05-21 19:03:17,1,1,0,0
2023-05-21 19:08:17,1,1,0,0
2023-05-21 19:13:17,1,1,0,0
2023-05-21 19:18:17,1,1,0,0
2023-05-21 19:23:17,1,1,0,0
2023-05-21 19:28:17,1,1,0,0
2023-05-21 19:33:17,1,1,0,0
2023-05-21 19:38:17,1,1,0,0
2023-05-21 19:43:17,1,1,0,0
2023-05-21 19:48:17,1,1,0,0
2023-05-21 19:53:17,1,1,0,0
2023-05-21 19:58:17,1,1,0,0
2023-05-21 20:03:17,1,1,0,0
2023-05-21 20:08:17,1,1,0,0
2023-05-21 20:13:17,1,1,0,0
2023-05-21 20:18:17,1,2,0,0
2023-05-21 20:23:17,1,2,0,0
2023-05-21 20:28:17,1,2,0,0
2023-05-21 20:33:17,1,2,0,0
2023-05-21 20:38:17,1,2,0,0
2023-05-21 20:43:17,1,2,0,0
2023-05-21 20:48:17,2,2,0,0
2023-05-21 20:53:17,2,2,0,0
2023-05-21 20:58:17,2,2,0,0
2023-05-21 21:03:17,2,2,0,0
2023-05-21 21:08:17,2,2,0,0
2023-05-21 21:13:17,2,3,0,0
2023-05-21 21:18:17,2,3,0,0
2023-05-21 21:23:17,2,3,0,0
2023-05-21 21:28:17,2,3,0,0
2023-05-21 21:33:17,2,3,0,0
2023-05-21 21:38:17,2,3,0,0
2023-05-21 21:43:17,2,3,0,0
2023-05-21 21:48:17,2,3,0,0
2023-05-21 21:53:17,2,3,0,0
2023-05-21 21:58:17,2,3,0,0
2023-05-21 22:03:17,3,4,0,0
2023-05-21 22:08:17,3,4,0,0
2023-05-21 22:13:17,3,4,0,0
2023-05-21 22:18:17,3,4,0,0
2023-05-21 22:23:17,3,4,0,0
2023-05-21 22:28:17,3,4,0,0
2023-05-21 22:33:17,3,4,0,0
2023-05-21 22:38:17,3,4,0,0
2023-05-21 22:43:17,3,5,0,0
2023-05-21 22:48:17,3,5,0,0
2023-05-21 22:53:17,3,5,0,0
2023-05-21 22:58:17,3,5,0,0
2023-05-21 23:03:17,4,5,0,0
2023-05-21 23:08:17,4,5,0,0
2023-05-21 23:13:17,4,5,0,0
2023-05-21 23:18:17,4,5,0,0
2023-05-21 23:23:17,4,6,0,0
2023-05-21 23:28:17,4,6,0,0
2023-05-21 23:33:17,4,6,0,0
2023-05-21 23:38:17,4,6,0,0
2023-05-21 23:43:17,4,6,0,0
2023-05-21 23:48:17,4,6,0,0
2023-05-21 23:53:17,4,6,0,0
2023-05-21 23:58:17,4,6,0,0
2023-05-22 00:03:17,5,7,0,0
2023-05-22 00:08:17,5,7,0,0
2023-05-22 00:13:17,5,7,0,0
2023-05-22 00:18:17,5,7,0,0
2023-05-22 00:23:17,5,7,0,0
2023-05-22 00:28:17,5,7,0,0
2023-05-22 00:33:17,5,7,0,0
2023-05-22 00:38:17,5,7,0,0
2023-05-22 00:43:17,5,8,0,0
2023-05-22 00:48:17,5,8,0,0
2023-05-22 00:53:17,5,8,0,0
2023-05-22 00:58:17,6,8,0,0
2023-05-22 01:03:17,6,8,0,0
2023-05-22 01:08:17,6,8,0,0
2023-05-22 01:13:17,6,8,0,0
2023-05-22 01:18:17,6,9,0,0
2023-05-22 01:23:17,6,9,0,0
2023-05-22 01:28:17,6,9,0,0
2023-05-22 01:33:17,6,9,0,0
2023-05-22 01:38:17,6,9,0,0
2023-05-22 01:43:17,6,9,0,0
2023-05-22 01:48:17,6,9,0,0
2023-05-22 01:53:17,6,9,0,0
2023-05-22 01:58:17,6,9,0,0
2023-05-22 02:03:17,7,10,0,0
2023-05-22 02:08:17,7,10,0,0
2023-05-22 02:13:17,7,10,0,0
2023-05-22 02:18:17,7,10,0,0
2023-05-22 02:23:17,7,10,0,0
2023-05-22 02:28:17,7,10,0,0
2023-05-22 02:33:17,7,10,0,0
2023-05-22 02:38:17,7,10,0,0
2023-05-22 02:43:17,7,10,0,0
2023-05-22 02:48:17,7,11,0,0
2023-05-22 02:53:17,7,11,0,0
2023-05-22 02:58:17,7,11,0,0
2023-05-22 03:03:17,7,11,0,0
2023-05-22 03:08:17,7,11,0,0
2023-05-22 03:13:17,7,11,0,0
2023-05-22 03:18:17,8,11,0,0
2023-05-22 03:23:17,8,11,0,0
2023-05-22 03:28:17,8,11,0,0
2023-05-22 03:33:17,8,11,0,0
2023-05-22 03:38:17,8,11,0,0
2023-05-22 03:43:17,8,11,0,0
2023-05-22 03:48:17,8,12,0,0
2023-05-22 03:53:17,8,12,0,0
2023-05-22 03:58:17,8,12,0,0
2023-05-22 04:03:17,8,12,0,0
2023-05-22 04:08:17,8,12,0,0
2023-05-22 04:13:17,8,12,0,0
2023-05-22 04:18:17,8,12,0,0
2023-05-22 04:23:17,8,12,0,0
2023-05-22 04:28:17,8,12,0,0
2023-05-22 04:33:17,8,12,0,0
2023-05-22 04:38:17,8,12,0,0
2023-05-22 04:43:17,8,12,0,0
2023-05-22 04:48:17,8,12,0,0
2023-05-22 04:53:17,8,12,0,0
2023-05-22 04:58:17,8,12,0,0
2023-05-22 05:03:17,8,12,0,0
2023-05-22 05:08:17,8,12,0,0
2023-05-22 05:13:17,8,12,0,0
2023-05-22 05:18:17,8,12,0,0
2023-05-22 05:23:17,8,12,0,0
2023-05-22 05:28:17,8,12,0,0
2023-05-22 05:33:17,8,12,0,0
2023-05-22 05:38:17,8,12,0,0
2023-05-22 05:43:17,8,12,0,0
2023-05-22 05:48:17,8,12,0,0
2023-05-22 05:53:17,8,12,0,0
2023-05-22 05:58:17,8,12,0,0
2023-05-22 06:03:17,8,12,0,0
2023-05-22 06:08:17,8,12,0,0
2023-05-22 06:13:17,8,12,0,0
2023-05-22 06:18:17,8,12,0,0
2023-05-22 06:23:17,8,12,0,0
2023-05-22 06:28:17,8,12,0,0
2023-05-22 06:33:17,8,12,0,0
2023-05-22 06:38:17,8,12,0,0
2023-05-22 06:43:17,8,12,0,0
2023-05-22 06:48:17,8,12,0,0
2023-05-22 06:53:17,8,12,0,0
2023-05-22 06:58:17,8,12,0,0
2023-05-22 07:03:17,8,12,0,0
2023-05-22 07:08:17,8,12,0,0
2023-05-22 07:13:17,8,12,0,0
2023-05-22 07:18:17,8,12,0,0
2023-05-22 07:23:17,8,12,0,0
2023-05-22 07:28:17,8,12,0,0
2023-05-22 07:33:17,8,12,0,0
2023-05-22 07:38:17,8,12,0,0
2023-05-22 07:43:17,8,12,0,0
2023-05-22 07:48:17,8,12,0,0
2023-05-22 07:53:17,8,12,0,0
2023-05-22 07:58:17,8,12,0,0
2023-05-22 08:03:17,8,12,0,0
2023-05-22 08:08:17,8,12,0,0
2023-05-22 08:13:17,8,12,0,0
2023-05-22 08:18:17,8,11,0,0
2023-05-22 08:23:17,8,11,0,0
2023-05-22 08:28:17,8,11,0,0
2023-05-22 08:33:17,8,11,0,0
2023-05-22 08:38:17,8,11,0,0
2023-05-22 08:43:17,8,11,0,0
2023-05-22 08:48:17,7,11,0,0
2023-05-22 08:53:17,7,11,0,0
2023-05-22 08:58:17,7,11,0,0
2023-05-22 09:03:17,7,11,0,0
2023-05-22 09:08:17,7,11,0,0
2023-05-22 09:13:17,7,10,0,0
2023-05-22 09:18:17,7,10,0,0
2023-05-22 09:23:17,7,10,0,0
2023-05-22 09:28:17,7,10,0,0
2023-05-22 09:33:17,7,10,0,0
2023-05-22 09:38:17,7,10,0,0
2023-05-22 09:43:17,7,10,0,0
2023-05-22 09:48:17,7,10,0,0
2023-05-22 09:53:17,7,10,0,0
2023-05-22 09:58:17,7,10,0,0
2023-05-22 10:03:17,6,9,0,0
2023-05-22 10:08:17,6,9,0,0
2023-05-22 10:13:17,6,9,0,0
2023-05-22 10:18:17,6,9,0,0
2023-05-22 10:23:17,6,9,0,0
2023-05-22 10:28:17,6,9,0,0
2023-05-22 10:33:17,6,9,0,0
2023-05-22 10:38:17,6,9,0,0
2023-05-22 10:43:17,6,8,0,0
2023-05-22 10:48:17,6,8,0,0
2023-05-22 10:53:17,6,8,0,0
2023-05-22 10:58:17,6,8,0,0
2023-05-22 11:03:17,5,8,0,0
2023-05-22 11:08:17,5,8,0,0
2023-05-22 11:13:17,5,8,0,0
2023-05-22 11:18:17,5,8,0,0
2023-05-22 11:23:17,5,7,0,0
2023-05-22 11:28:17,5,7,0,0
2023-05-22 11:33:17,5,7,0,0
2023-05-22 11:38:17,5,7,0,0
2023-05-22 11:43:17,5,7,0,0
2023-05-22 11:48:17,5,7,0,0
2023-05-22 11:53:17,5,7,0,0
2023-05-22 11:58:17,5,7,0,0
2023-05-22 12:03:17,4,6,0,0
2023-05-22 12:08:17,4,6,0,0
2023-05-22 12:13:17,4,6,0,0
2023-05-22 12:18:17,4,6,0,0
2023-05-22 12:23:17,4,6,0,0
2023-05-22 12:28:17,4,6,0,0
2023-05-22 12:33:17,4,6,0,0
2023-05-22 12:38:17,4,6,0,0
2023-05-22 12:43:17,4,5,0,0
2023-05-22 12:48:17,4,5,0,0
2023-05-22 12:53:17,4,5,0,0
2023-05-22 12:58:17,3,5,0,0
2023-05-22 13:03:17,3,5,0,0
2023-05-22 13:08:17,3,5,0,0
2023-05-22 13:13:17,3,5,0,0
2023-05-22 13:18:17,3,4,0,0
2023-05-22 13:23:17,3,4,0,0
2023-05-22 13:28:17,3,4,0,0
2023-05-22 13:33:17,3,4,0,0
2023-05-22 13:38:17,3,4,0,0
2023-05-22 13:43:17,3,4,0,0
2023-05-22 13:48:17,3,4,0,0
2023-05-22 13:53:17,3,4,0,0
2023-05-22 13:58:17,3,4,0,0
2023-05-22 14:03:17,2,3,0,0
2023-05-22 14:08:17,2,3,0,0
2023-05-22 14:13:17,2,3,0,0
2023-05-22 14:18:17,2,3,0,0
2023-05-22 14:23:17,2,3,0,0
2023-05-22 14:28:17,2,3,0,0
2023-05-22 14:33:17,2,3,0,0
2023-05-22 14:38:17,2,3,0,0
2023-05-22 14:43:17,2,3,0,0
2023-05-22 14:48:17,2,2,0,0
2023-05-22 14:53:17,2,2,0,0
2023-05-22 14:58:17,2,2,0,0
2023-05-22 15:03:17,2,2,0,0
2023-05-22 15:08:17,2,2,0,0
2023-05-22 15:13:17,2,2,0,0
2023-05-22 15:18:17,1,2,0,0
2023-05-22 15:23:17,1,2,0,0
2023-05-22 15:28:17,1,2,0,0
2023-05-22 15:33:17,1,2,0,0
2023-05-22 15:38:17,1,2,0,0
2023-05-22 15:43:17,1,2,0,0
2023-05-22 15:48:17,1,1,0,0
2023-05-22 15:53:17,1,1,0,0
2023-05-22 15:58:17,1,1,0,0
2023-05-22 16:03:17,1,1,0,0
2023-05-22 16:08:17,1,1,0,0
2023-05-22 16:13:17,1,1,0,0
2023-05-22 16:18:17,1,1,0,0
2023-05-22 16:23:17,1,1,0,0
2023-05-22 16:28:17,1,1,0,0
2023-05-22 16:33:17,1,1,0,0
2023-05-22 16:38:17,1,1,0,0
2023-05-22 16:43:17,1,1,0,0
2023-05-22 16:48:17,1,1,0,0
2023-05-22 16:53:17,1,1,0,0
2023-05-22 16:58:17,1,1,0,0
2023-05-22 17:03:17,1,1,0,0
2023-05-22 17:08:17,1,1,0,0
2023-05-22 17:13:17,1,1,0,0
2023-05-22 17:18:17,1,1,0,0
2023-05-22 17:23:17,1,1,0,0
2023-05-22 17:28:17,1,1,0,0
2023-05-22 17:33:17,1,1,0,0
2023-05-22 17:38:17,1,1,0,0
2023-05-22 17:43:17,1,1,0,0
2023-05-22 17:48:17,1,1,0,0
2023-05-22 17:53:17,1,1,0,0
2023-05-22 17:58:17,1,1,0,0
2023-05-22 18:03:17,1,1,0,0
2023-05-22 18:08:17,1,1,0,0
2023-05-22 18:13:17,1,1,0,0
2023-05-22 18:18:17,1,1,0,0
2023-05-22 18:23:17,1,1,0,0
2023-05-22 18:28:17,1,1,0,0
2023-05-22 18:33:17,1,1,0,0
2023-05-22 18:38:17,1,1,0,0
2023-05-22 18:43:17,1,1,0,0
2023-05-22 18:48:17,1,1,0,0
2023-05-22 18:53:17,1,1,0,0
2023-05-22 18:58:17,1,1,0,0
2023-05-22 19:03:17,1,1,0,0
2023-05-22 19:08:17,1,1,0,0
2023-05-22 19:13:17,1,1,0,0
2023-05-22 19:18:17,1,1,0,0
2023-05-22 19:23:17,1,1,0,0
2023-05-22 19:28:17,1,1,0,0
2023-05-22 19:33:17,1,1,0,0
2023-05-22 19:38:17,1,1,0,0
2023-05-22 19:43:17,1,1,0,0
2023-05-22 19:48:17,1,1,0,0
2023-05-22 19:53:17,1,1,0,0
2023-05-22 19:58:17,1,1,0,0
2023-05-22 20:03:17,1,1,0,0
2023-05-22 20:08:17,1,1,0,0
2023-05-22 20:13:17,1,1,0,0
2023-05-22 20:18:17,1,2,0,0
2023-05-22 20:23:17,1,2,0,0
2023-05-22 20:28:17,1,2,0,0
2023-05-22 20:33:17,1,2,0,0
2023-05-22 20:38:17,1,2,0,0
2023-05-22 20:43:17,1,2,0,0
2023-05-22 20:48:17,2,2,0,0
2023-05-22 20:53:17,2,2,0,0
2023-05-22 20:58:17,2,2,0,0
2023-05-22 21:03:17,2,2,0,0
2023-05-22 21:08:17,2,2,0,0
2023-05-22 21:13:17,2,3,0,0
2023-05-22 21:18:17,2,3,0,0
2023-05-22 21:23:17,2,3,0,0
2023-05-22 21:28:17,2,3,0,0
2023-05-22 21:33:17,2,3,0,0
2023-05-22 21:38:17,2,3,0,0
2023-05-22 21:43:17,2,3,0,0
2023-05-22 21:48:17,2,3,0,0
2023-05-22 21:53:17,2,3,0,0
2023-05-22 21:58:17,2,3,0,0
2023-05-22 22:03:17,3,4,0,0
2023-05-22 22:08:17,3,4,0,0
2023-05-22 22:13:17,3,4,0,0
2023-05-22 22:18:17,3,4,0,0
2023-05-22 22:23:17,3,4,0,0
2023-05-22 22:28:17,3,4,0,0
2023-05-22 22:33:17,3,4,0,0
2023-05-22 22:38:17,3,4,0,0
2023-05-22 22:43:17,3,5,0,0
2023-05-22 22:48:17,3,5,0,0
2023-05-22 22:53:17,3,5,0,0
2023-05-22 22:58:17,3,5,0,0
2023-05-22 23:03:17,4,5,0,0
2023-05-22 23:08:17,4,5,0,0
2023-05-22 23:13:17,4,5,0,0
2023-05-22 23:18:17,4,5,0,0
2023-05-22 23:23:17,4,6,0,0
2023-05-22 23:28:17,4,6,0,0
2023-05-22 23:33:17,4,6,0,0
2023-05-22 23:38:17,4,6,0,0
2023-05-22 23:43:17,4,6,0,0
2023-05-22 23:48:17,4,6,0,0
2023-05-22 23:53:17,4,6,0,0
2023-05-22 23:58:17,4,6,0,0
2023-05-23 00:03:17,5,7,0,0
2023-05-23 00:08:17,5,7,0,0
2023-05-23 00:13:17,5,7,0,0
2023-05-23 00:18:17,5,7,0,0
2023-05-23 00:23:17,5,7,0,0
2023-05-23 00:28:17,5,7,0,0
2023-05-23 00:33:17,5,7,0,0
2023-05-23 00:38:17,5,7,0,0
2023-05-23 00:43:17,5,8,0,0
2023-05-23 00:48:17,5,8,0,0
2023-05-23 00:53:17,5,8,0,0
2023-05-23 00:58:17,6,8,0,0
2023-05-23 01:03:17,6,8,0,0
2023-05-23 01:08:17,6,8,0,0
2023-05-23 01:13:17,6,8,0,0
2023-05-23 01:18:17,6,9,0,0
2023-05-23 01:23:17,6,9,0,0
2023-05-23 01:28:17,6,9,0,0
2023-05-23 01:33:17,6,9,0,0
2023-05-23 01:38:17,6,9,0,0
2023-05-23 01:43:17,6,9,0,0
2023-05-23 01:48:17,6,9,0,0
2023-05-23 01:53:17,6,9,0,0
2023-05-23 01:58:17,6,9,0,0
2023-05-23 02:03:17,7,10,0,0
2023-05-23 02:08:17,7,10,0,0
2023-05-23 02:13:17,7,10,0,0
2023-05-23 02:18:17,7,10,0,0
2023-05-23 02:23:17,7,10,0,0
2023-05-23 02:28:17,7,10,0,0
2023-05-23 02:33:17,7,10,0,0
2023-05-23 02:38:17,7,10,0,0
2023-05-23 02:43:17,7,10,0,0
2023-05-23 02:48:17,7,11,0,0
2023-05-23 02:53:17,7,11,0,0
2023-05-23 02:58:17,7,11,0,0
2023-05-23 03:03:17,7,11,0,0
2023-05-23 03:08:17,7,11,0,0
2023-05-23 03:13:17,7,11,0,0
2023-05-23 03:18:17,8,11,0,0
2023-05-23 03:23:17,8,11,0,0
2023-05-23 03:28:17,8,11,0,0
2023-05-23 03:33:17,8,11,0,0
2023-05-23 03:38:17,8,11,0,0
2023-05-23 03:43:17,8,11,0,0
2023-05-23 03:48:17,8,12,0,0
2023-05-23 03:53:17,8,12,0,0
2023-05-23 03:58:17,8,12,0,0
2023-05-23 04:03:17,8,12,0,0
2023-05-23 04:08:17,8,12,0,0
2023-05-23 04:13:17,8,12,0,0
2023-05-23 04:18:17,8,12,0,0
2023-05-23 04:23:17,8,12,0,0
2023-05-23 04:28:17,8,12,0,0
2023-05-23 04:33:17,8,12,0,0
2023-05-23 04:38:17,8,12,0,0
2023-05-23 04:43:17,8,12,0,0
2023-05-23 04:48:17,8,12,0,0
2023-05-23 04:53:17,8,12,0,0
2023-05-23 04:58:17,8,12,0,0
2023-05-23 05:03:17,8,12,0,0
2023-05-23 05:08:17,8,12,0,0
2023-05-23 05:13:17,8,12,0,0
2023-05-23 05:18:17,8,12,0,0
2023-05-23 05:23:17,8,12,0,0
2023-05-23 05:28:17,8,12,0,0
2023-05-23 05:33:17,8,12,0,0
2023-05-23 05:38:17,8,12,0,0
2023-05-23 05:43:17,8,12,0,0
2023-05-23 05:48:17,8,12,0,0
2023-05-23 05:53:17,8,12,0,0
2023-05-23 05:58:17,8,12,0,0
2023-05-23 06:03:17,8,12,0,0
2023-05-23 06:08:17,8,12,0,0
2023-05-23 06:13:17,8,12,0,0
2023-05-23 06:18:17,8,12,0,0
2023-05-23 06:23:17,8,12,0,0
2023-05-23 06:28:17,8,12,0,0
2023-05-23 06:33:17,8,12,0,0
2023-05-23 06:38:17,8,12,0,0
2023-05-23 06:43:17,8,12,0,0
2023-05-23 06:48:17,8,12,0,0
2023-05-23 06:53:17,8,12,0,0
2023-05-23 06:58:17,8,12,0,0
2023-05-23 07:03:17,8,12,0,0
2023-05-23 07:08:17,8,12,0,0
2023-05-23 07:13:17,8,12,0,0
2023-05-23 07:18:17,8,12,0,0
2023-05-23 07:23:17,8,12,0,0
2023-05-23 07:28:17,8,12,0,0
2023-05-23 07:33:17,8,12,0,0
2023-05-23 07:38:17,8,12,0,0
2023-05-23 07:43:17,8,12,0,0
2023-05-23 07:48:17,8,12,0,0
2023-05-23 07:53:17,8,12,0,0
2023-05-23 07:58:17,8,12,0,0
2023-05-23 08:03:17,8,12,0,0
2023-05-23 08:08:17,8,12,0,0
2023-05-23 08:13:17,8,12,0,0
2023-05-23 08:18:17,8,11,0,0
2023-05-23 08:23:17,8,11,0,0
2023-05-23 08:28:17,8,11,0,0
2023-05-23 08:33:17,8,11,0,0
2023-05-23 08:38:17,8,11,0,0
2023-05-23 08:43:17,8,11,0,0
2023-05-23 08:48:17,7,11,0,0
2023-05-23 08:53:17,7,11,0,0
2023-05-23 08:58:17,7,11,0,0
2023-05-23 09:03:17,7,11,0,0
2023-05-23 09:08:17,7,11,0,0
2023-05-23 09:13:17,7,10,0,0
2023-05-23 09:18:17,7,10,0,0
2023-05-23 09:23:17,7,10,0,0
2023-05-23 09:28:17,7,10,0,0
2023-05-23 09:33:17,7,10,0,0
2023-05-23 09:38:17,7,10,0,0
2023-05-23 09:43:17,7,10,0,0
2023-05-23 09:48:17,7,10,0,0
2023-05-23 09:53:17,7,10,0,0
2023-05-23 09:58:17,7,10,0,0
2023-05-23 10:03:17,6,9,0,0
2023-05-23 10:08:17,6,9,0,0
2023-05-23 10:13:17,6,9,0,0
2023-05-23 10:18:17,6,9,0,0
2023-05-23 10:23:17,6,9,0,0
2023-05-23 10:28:17,6,9,0,0
2023-05-23 10:33:17,6,9,0,0
2023-05-23 10:38:17,6,9,0,0
2023-05-23 10:43:17,6,8,0,0
2023-05-23 10:48:17,6,8,0,0
2023-05-23 10:53:17,6,8,0,0
2023-05-23 10:58:17,6,8,0,0
2023-05-23 11:03:17,5,8,0,0
2023-05-23 11:08:17,5,8,0,0
2023-05-23 11:13:17,5,8,0,0
2023-05-23 11:18:17,5,8,0,0
2023-05-23 11:23:17,5,7,0,0
2023-05-23 11:28:17,5,7,0,0
2023-05-23 11:33:17,5,7,0,0
2023-05-23 11:38:17,5,7,0,0
2023-05-23 11:43:17,5,7,0,0
2023-05-23 11:48:17,5,7,0,0
2023-05-23 11:53:17,5,7,0,0
2023-05-23 11:58:17,5,7,0,0
2023-05-23 12:03:17,4,6,0,0
2023-05-23 12:08:17,4,6,0,0
2023-05-23 12:13:17,4,6,0,0
2023-05-23 12:18:17,4,6,0,0
2023-05-23 12:23:17,4,6,0,0
2023-05-23 12:28:17,4,6,0,0
2023-05-23 12:33:17,4,6,0,0
2023-05-23 12:38:17,4,6,0,0
2023-05-23 12:43:17,4,5,0,0
2023-05-23 12:48:17,4,5,0,0
2023-05-23 12:53:17,4,5,0,0
2023-05-23 12:58:17,3,5,0,0
2023-05-23 13:03:17,3,5,0,0
2023-05-23 13:08:17,3,5,0,0
2023-05-23 13:13:17,3,5,0,0
2023-05-23 13:18:17,3,4,0,0
2023-05-23 13:23:17,3,4,0,0
2023-05-23 13:28:17,3,4,0,0
2023-05-23 13:33:17,3,4,0,0
2023-05-23 13:38:17,3,4,0,0
2023-05-23 13:43:17,3,4,0,0
2023-05-23 13:48:17,3,4,0,0
2023-05-23 13:53:17,3,4,0,0
2023-05-23 13:58:17,3,4,0,0
2023-05-23 14:03:17,2,3,0,0
2023-05-23 14:08:17,2,3,0,0
2023-05-23 14:13:17,2,3,0,0
2023-05-23 14:18:17,2,3,0,0
2023-05-23 14:23:17,2,3,0,0
2023-05-23 14:28:17,2,3,0,0
2023-05-23 14:33:17,2,3,0,0
2023-05-23 14:38:17,2,3,0,0
2023-05-23 14:43:17,2,3,0,0
2023-05-23 14:48:17,2,2,0,0
2023-05-23 14:53:17,2,2,0,0
2023-05-23 14:58:17,2,2,0,0
2023-05-23 15:03:17,2,2,0,0
2023-05-23 15:08:17,2,2,0,0
2023-05-23 15:13:17,2,2,0,0
2023-05-23 15:18:17,1,2,0,0
2023-05-23 15:23:17,1,2,0,0
2023-05-23 15:28:17,1,2,0,0
2023-05-23 15:33:17,1,2,0,0
2023-05-23 15:38:17,1,2,0,0
2023-05-23 15:43:17,1,2,0,0
2023-05-23 15:48:17,1,1,0,0
2023-05-23 15:53:17,1,1,0,0
2023-05-23 15:58:17,1,1,0,0
2023-05-23 16:03:17,1,1,0,0
2023-05-23 16:08:17,1,1,0,0
2023-05-23 16:13:17,1,1,0,0
2023-05-23 16:18:17,1,1,0,0
2023-05-23 16:23:17,1,1,0,0
2023-05-23 16:28:17,1,1,0,0
2023-05-23 16:33:17,1,1,0,0
2023-05-23 16:38:17,1,1,0,0
2023-05-23 16:43:17,1,1,0,0
2023-05-23 16:48:17,1,1,0,0
2023-05-23 16:53:17,1,1,0,0
2023-05-23 16:58:17,1,1,0,0
2023-05-23 17:03:17,1,1,0,0
2023-05-23 17:08:17,1,1,0,0
2023-05-23 17:13:17,1,1,0,0
2023-05-23 17:18:17,1,1,0,0
2023-05-23 17:23:17,1,1,0,0
2023-05-23 17:28:17,1,1,0,0
2023-05-23 17:33:17,1,1,0,0
2023-05-23 17:38:17,1,1,0,0
2023-05-23 17:43:17,1,1,0,0
2023-05-23 17:48:17,1,1,0,0
2023-05-23 17:53:17,1,1,0,0
2023-05-23 17:58:17,1,1,0,0
2023-05-23 18:03:17,1,1,0,0
2023-05-23 18:08:17,1,1,0,0
2023-05-23 18:13:17,1,1,0,0
2023-05-23 18:18:17,1,1,0,0
2023-05-23 18:23:17,1,1,0,0
2023-05-23 18:28:17,1,1,0,0
2023-05-23 18:33:17,1,1,0,0
2023-05-23 18:38:17,1,1,0,0
2023-05-23 18:43:17,1,1,0,0
2023-05-23 18:48:17,1,1,0,0
2023-05-23 18:53:17,1,1,0,0
2023-05-23 18:58:17,1,1,0,0
2023-05-23 19:03:17,1,1,0,0
2023-05-23 19:08:17,1,1,0,0
2023-05-23 19:13:17,1,1,0,0
2023-05-23 19:18:17,1,1,0,0
2023-05-23 19:23:17,1,1,0,0
2023-05-23 19:28:17,1,1,0,0
2023-05-23 19:33:17,1,1,0,0
2023-05-23 19:38:17,1,1,0,0
2023-05-23 19:43:17,1,1,0,0
2023-05-23 19:48:17,1,1,0,0
2023-05-23 19:53:17,1,1,0,0
2023-05-23 19:58:17,1,1,0,0
2023-05-23 20:03:17,1,1,0,0
2023-05-23 20:08:17,1,1,0,0
2023-05-23 20:13:17,1,1,0,0
2023-05-23 20:18:17,1,2,0,0
2023-05-23 20:23:17,1,2,0,0
2023-05-23 20:28:17,1,2,0,0
2023-05-23 20:33:17,1,2,0,0
2023-05-23 20:38:17,1,2,0,0
2023-05-23 20:43:17,1,2,0,0
2023-05-23 20:48:17,2,2,0,0
2023-05-23 20:53:17,2,2,0,0
2023-05-23 20:58:17,2,2,0,0
2023-05-23 21:03:17,2,2,0,0
2023-05-23 21:08:17,2,2,0,0
2023-05-23 21:13:17,2,3,0,0
2023-05-23 21:18:17,2,3,0,0
2023-05-23 21:23:17,2,3,0,0
2023-05-23 21:28:17,2,3,0,0
2023-05-23 21:33:17,2,3,0,0
2023-05-23 21:38:17,2,3,0,0
2023-05-23 21:43:17,2,3,0,0
2023-05-23 21:48:17,2,3,0,0
2023-05-23 21:53:17,2,3,0,0
2023-05-23 21:58:17,2,3,0,0
2023-05-23 22:03:17,3,4,0,0
2023-05-23 22:08:17,3,4,0,0
2023-05-23 22:13:17,3,4,0,0
2023-05-23 22:18:17,3,4,0,0
2023-05-23 22:23:17,3,4,0,0
2023-05-23 22:28:17,3,4,0,0
2023-05-23 22:33:17,3,4,0,0
2023-05-23 22:38:17,3,4,0,0
2023-05-23 22:43:17,3,5,0,0
2023-05-23 22:48:17,3,5,0,0
2023-05-23 22:53:17,3,5,0,0
2023-05-23 22:58:17,3,5,0,0
2023-05-23 23:03:17,4,5,0,0
2023-05-23 23:08:17,4,5,0,0
2023-05-23 23:13:17,4,5,0,0
2023-05-23 23:18:17,4,5,0,0
2023-05-23 23:23:17,4,6,0,0
2023-05-23 23:28:17,4,6,0,0
2023-05-23 23:33:17,4,6,0,0
2023-05-23 23:38:17,4,6,0,0
2023-05-23 23:43:17,4,6,0,0
2023-05-23 23:48:17,4,6,0,0
2023-05-23 23:53:17,4,6,0,0
2023-05-23 23:58:17,4,6,0,0
2023-05-24 00:03:17,5,7,0,0
2023-05-24 00:08:17,5,7,0,0
2023-05-24 00:13:17,5,7,0,0
2023-05-24 00:18:17,5,7,0,0
2023-05-24 00:23:17,5,7,0,0
2023-05-24 00:28:17,5,7,0,0
2023-05-24 00:33:17,5,7,0,0
2023-05-24 00:38:17,5,7,0,0
2023-05-24 00:43:17,5,8,0,0
2023-05-24 00:48:17,5,8,0,0
2023-05-24 00:53:17,5,8,0,0
2023-05-24 00:58:17,6,8,0,0
2023-05-24 01:03:17,6,8,0,0
2023-05-24 01:08:17,6,8,0,0
2023-05-24 01:13:17,6,8,0,0
2023-05-24 01:18:17,6,9,0,0
2023-05-24 01:23:17,6,9,0,0
2023-05-24 01:28:17,6,9,0,0
2023-05-24 01:33:17,6,9,0,0
2023-05-24 01:38:17,6,9,0,0
2023-05-24 01:43:17,6,9,0,0
2023-05-24 01:48:17,6,9,0,0
2023-05-24 01:53:17,6,9,0,0
2023-05-24 01:58:17,6,9,0,0
2023-05-24 02:03:17,7,10,0,0
2023-05-24 02:08:17,7,10,0,0
2023-05-24 02:13:17,7,10,0,0
2023-05-24 02:18:17,7,10,0,0
2023-05-24 02:23:17,7,10,0,0
2023-05-24 02:28:17,7,10,0,0
2023-05-24 02:33:17,7,10,0,0
2023-05-24 02:38:17,7,10,0,0
2023-05-24 02:43:17,7,10,0,0
2023-05-24 02:48:17,7,11,0,0
2023-05-24 02:53:17,7,11,0,0
2023-05-24 02:58:17,7,11,0,0
2023-05-24 03:03:17,7,11,0,0
2023-05-24 03:08:17,7,11,0,0
2023-05-24 03:13:17,7,11,0,0
2023-05-24 03:18:17,8,11,0,0
2023-05-24 03:23:17,8,11,0,0
2023-05-24 03:28:17,8,11,0,0
2023-05-24 03:33:17,8,11,0,0
2023-05-24 03:38:17,8,11,0,0
2023-05-24 03:43:17,8,11,0,0
2023-05-24 03:48:17,8,12,0,0
2023-05-24 03:53:17,8,12,0,0
2023-05-24 03:58:17,8,12,0,0
2023-05-24 04:03:17,8,12,0,0
2023-05-24 04:08:17,8,12,0,0
2023-05-24 04:13:17,8,12,0,0
2023-05-24 04:18:17,8,12,0,0
2023-05-24 04:23:17,8,12,0,0
2023-05-24 04:28:17,8,12,0,0
2023-05-24 04:33:17,8,12,0,0
2023-05-24 04:38:17,8,12,0,0
2023-05-24 04:43:17,8,12,0,0
2023-05-24 04:48:17,8,12,0,0
2023-05-24 04:53:17,8,12,0,0
2023-05-24 04:58:17,8,12,0,0
2023-05-24 05:03:17,8,12,0,0
2023-05-24 05:08:17,8,12,0,0
2023-05-24 05:13:17,8,12,0,0
2023-05-24 05:18:17,8,12,0,0
2023-05-24 05:23:17,8,12,0,0
2023-05-24 05:28:17,8,12,0,0
2023-05-24 05:33:17,8,12,0,0
2023-05-24 05:38:17,8,12,0,0
2023-05-24 05:43:17,8,12,0,0
2023-05-24 05:48:17,8,12,0,0
2023-05-24 05:53:17,8,12,0,0
2023-05-24 05:58:17,8,12,0,0
2023-05-24 06:03:17,8,12,0,0
2023-05-24 06:08:17,8,12,0,0
2023-05-24 06:13:17,8,12,0,0
2023-05-24 06:18:17,8,12,0,0
2023-05-24 06:23:17,8,12,0,0
2023-05-24 06:28:17,8,12,0,0
2023-05-24 06:33:17,8,12,0,0
2023-05-24 06:38:17,8,12,0,0
2023-05-24 06:43:17,8,12,0,0
2023-05-24 06:48:17,8,12,0,0
2023-05-24 06:53:17,8,12,0,0
2023-05-24 06:58:17,8,12,0,0
2023-05-24 07:03:17,8,12,0,0
2023-05-24 07:08:17,8,12,0,0
2023-05-24 07:13:17,8,12,0,0
2023-05-24 07:18:17,8,12,0,0
2023-05-24 07:23:17,8,12,0,0
2023-05-24 07:28:17,8,12,0,0
2023-05-24 07:33:17,8,12,0,0
2023-05-24 07:38:17,8,12,0,0
2023-05-24 07:43:17,8,12,0,0
2023-05-24 07:48:17,8,12,0,0
2023-05-24 07:53:17,8,12,0,0
2023-05-24 07:58:17,8,12,0,0
2023-05-24 08:03:17,8,12,0,0
2023-05-24 08:08:17,8,12,0,0
2023-05-24 08:13:17,8,12,0,0
2023-05-24 08:18:17,8,11,0,0
2023-05-24 08:23:17,8,11,0,0
2023-05-24 08:28:17,8,11,0,0
2023-05-24 08:33:17,8,11,0,0
2023-05-24 08:38:17,8,11,0,0
2023-05-24 08:43:17,8,11,0,0
2023-05-24 08:48:17,7,11,0,0
2023-05-24 08:53:17,7,11,0,0
2023-05-24 08:58:17,7,11,0,0
2023-05-24 09:03:17,7,11,0,0
2023-05-24 09:08:17,7,11,0,0
2023-05-24 09:13:17,7,10,0,0
2023-05-24 09:18:17,7,10,0,0
2023-05-24 09:23:17,7,10,0,0
2023-05-24 09:28:17,7,10,0,0
2023-05-24 09:33:17,7,10,0,0
2023-05-24 09:38:17,7,10,0,0
2023-05-24 09:43:17,7,10,0,0
2023-05-24 09:48:17,7,10,0,0
2023-05-24 09:53:17,7,10,0,0
2023-05-24 09:58:17,7,10,0,0
2023-05-24 10:03:17,6,9,0,0
2023-05-24 10:08:17,6,9,0,0
2023-05-24 10:13:17,6,9,0,0
2023-05-24 10:18:17,6,9,0,0
2023-05-24 10:23:17,6,9,0,0
2023-05-24 10:28:17,6,9,0,0
2023-05-24 10:33:17,6,9,0,0
2023-05-24 10:38:17,6,9,0,0
2023-05-24 10:43:17,6,8,0,0
2023-05-24 10:48:17,6,8,0,0
2023-05-24 10:53:17,6,8,0,0
2023-05-24 10:58:17,6,8,0,0
2023-05-24 11:03:17,5,8,0,0
2023-05-24 11:08:17,5,8,0,0
2023-05-24 11:13:17,5,8,0,0
2023-05-24 11:18:17,5,8,0,0
2023-05-24 11:23:17,5,7,0,0
2023-05-24 11:28:17,5,7,0,0
2023-05-24 11:33:17,5,7,0,0
2023-05-24 11:38:17,5,7,0,0
2023-05-24 11:43:17,5,7,0,0
2023-05-24 11:48:17,5,7,0,0
2023-05-24 11:53:17,5,7,0,0
2023-05-24 11:58:17,5,7,0,0
2023-05-24 12:03:17,4,6,0,0
2023-05-24 12:08:17,4,6,0,0
2023-05-24 12:13:17,4,6,0,0
2023-05-24 12:18:17,4,6,0,0
2023-05-24 12:23:17,4,6,0,0
2023-05-24 12:28:17,4,6,0,0
2023-05-24 12:33:17,4,6,0,0
2023-05-24 12:38:17,4,6,0,0
2023-05-24 12:43:17,4,5,0,0
2023-05-24 12:48:17,4,5,0,0
2023-05-24 12:53:17,4,5,0,0
2023-05-24 12:58:17,3,5,0,0
2023-05-24 13:03:17,3,5,0,0
2023-05-24 13:08:17,3,5,0,0
2023-05-24 13:13:17,3,5,0,0
2023-05-24 13:18:17,3,4,0,0
2023-05-24 13:23:17,3,4,0,0
2023-05-24 13:28:17,3,4,0,0
2023-05-24 13:33:17,3,4,0,0
2023-05-24 13:38:17,3,4,0,0
2023-05-24 13:43:17,3,4,0,0
2023-05-24 13:48:17,3,4,0,0
2023-05-24 13:53:17,3,4,0,0
2023-05-24 13:58:17,3,4,0,0
2023-05-24 14:03:17,2,3,0,0
2023-05-24 14:08:17,2,3,0,0
2023-05-24 14:13:17,2,3,0,0
2023-05-24 14:18:17,2,3,0,0
2023-05-24 14:23:17,2,3,0,0
2023-05-24 14:28:17,2,3,0,0
2023-05-24 14:33:17,2,3,0,0
2023-05-24 14:38:17,2,3,0,0
2023-05-24 14:43:17,2,3,0,0
2023-05-24 14:48:17,2,2,0,0
2023-05-24 14:53:17,2,2,0,0
2023-05-24 14:58:17,2,2,0,0
2023-05-24 15:03:17,2,2,0,0
2023-05-24 15:08:17,2,2,0,0
2023-05-24 15:13:17,2,2,0,0
2023-05-24 15:18:17,1,2,0,0
2023-05-24 15:23:17,1,2,0,0
2023-05-24 15:28:17,1,2,0,0
2023-05-24 15:33:17,1,2,0,0
2023-05-24 15:38:17,1,2,0,0
2023-05-24 15:43:17,1,2,0,0
2023-05-24 15:48:17,1,1,0,0
2023-05-24 15:53:17,1,1,0,0
2023-05-24 15:58:17,1,1,0,0
2023-05-24 16:03:17,1,1,0,0
2023-05-24 16:08:17,1,1,0,0
2023-05-24 16:13:17,1,1,0,0
2023-05-24 16:18:17,1,1,0,0
2023-05-24 16:23:17,1,1,0,0
2023-05-24 16:28:17,1,1,0,0
2023-05-24 16:33:17,1,1,0,0
2023-05-24 16:38:17,1,1,0,0
2023-05-24 16:43:17,1,1,0,0
2023-05-24 16:48:17,1,1,0,0
2023-05-24 16:53:17,1,1,0,0
2023-05-24 16:58:17,1,1,0,0
2023-05-24 17:03:17,1,1,0,0
2023-05-24 17:08:17,1,1,0,0
2023-05-24 17:13:17,1,1,0,0
2023-05-24 17:18:17,1,1,0,0
2023-05-24 17:23:17,1,1,0,0
2023-05-24 17:28:17,1,1,0,0
2023-05-24 17:33:17,1,1,0,0
2023-05-24 17:38:17,1,1,0,0
2023-05-24 17:43:17,1,1,0,0
2023-05-24 17:48:17,1,1,0,0
2023-05-24 17:53:17,1,1,0,0
2023-05-24 17:58:17,1,1,0,0
2023-05-24 18:03:17,1,1,0,0
2023-05-24 18:08:17,1,1,0,0
2023-05-24 18:13:17,1,1,0,0
2023-05-24 18:18:17,1,1,0,0
2023-05-24 18:23:17,1,1,0,0
2023-05-24 18:28:17,1,1,0,0
2023-05-24 18:33:17,1,1,0,0
2023-05-24 18:38:17,1,1,0,0
2023-05-24 18:43:17,1,1,0,0
2023-05-24 18:48:17,1,1,0,0
2023-05-24 18:53:17,1,1,0,0
2023-05-24 18:58:17,1,1,0,0
2023-05-24 19:03:17,1,1,0,0
2023-05-24 19:08:17,1,1,0,0
2023-05-24 19:13:17,1,1,0,0
2023-05-24 19:18:17,1,1,0,0
2023-05-24 19:23:17,1,1,0,0
2023-05-24 19:28:17,1,1,0,0
2023-05-24 19:33:17,1,1,0,0
2023-05-24 19:38:17,1,1,0,0
2023-05-24 19:43:17,1,1,0,0
2023-05-24 19:48:17,1,1,0,0
2023-05-24 19:53:17,1,1,0,0
2023-05-24 19:58:17,1,1,0,0
2023-05-24 20:03:17,1,1,0,0
2023-05-24 20:08:17,1,1,0,0
2023-05-24 20:13:17,1,1,0,0
2023-05-24 20:18:17,1,2,0,0
2023-05-24 20:23:17,1,2,0,0
2023-05-24 20:28:17,1,2,0,0
2023-05-24 20:33:17,1,2,0,0
2023-05-24 20:38:17,1,2,0,0
2023-05-24 20:43:17,1,2,0,0
2023-05-24 20:48:17,2,2,0,0
2023-05-24 20:53:17,2,2,0,0
2023-05-24 20:58:17,2,2,0,0
2023-05-24 21:03:17,2,2,0,0
2023-05-24 21:08:17,2,2,0,0
2023-05-24 21:13:17,2,3,0,0
2023-05-24 21:18:17,2,3,0,0
2023-05-24 21:23:17,2,3,0,0
2023-05-24 21:28:17,2,3,0,0
2023-05-24 21:33:17,2,3,0,0
2023-05-24 21:38:17,2,3,0,0
2023-05-24 21:43:17,2,3,0,0
2023-05-24 21:48:17,2,3,0,0
2023-05-24 21:53:17,2,3,0,0
2023-05-24 21:58:17,2,3,0,0
2023-05-24 22:03:17,3,4,0,0
2023-05-24 22:08:17,3,4,0,0
2023-05-24 22:13:17,3,4,0,0
2023-05-24 22:18:17,3,4,0,0
2023-05-24 22:23:17,3,4,0,0
2023-05-24 22:28:17,3,4,0,0
2023-05-24 22:33:17,3,4,0,0
2023-05-24 22:38:17,3,4,0,0
2023-05-24 22:43:17,3,5,0,0
2023-05-24 22:48:17,3,5,0,0
2023-05-24 22:53:17,3,5,0,0
2023-05-24 22:58:17,3,5,0,0
2023-05-24 23:03:17,4,5,0,0
2023-05-24 23:08:17,4,5,0,0
2023-05-24 23:13:17,4,5,0,0
2023-05-24 23:18:17,4,5,0,0
2023-05-24 23:23:17,4,6,0,0
2023-05-24 23:28:17,4,6,0,0
2023-05-24 23:33:17,4,6,0,0
2023-05-24 23:38:17,4,6,0,0
2023-05-24 23:43:17,4,6,0,0
2023-05-24 23:48:17,4,6,0,0
2023-05-24 23:53:17,4,6,0,0
2023-05-24 23:58:17,4,6,0,0
2023-05-25 00:03:17,5,7,0,0
2023-05-25 00:08:17,5,7,0,0
2023-05-25 00:13:17,5,7,0,0
2023-05-25 00:18:17,5,7,0,0
2023-05-25 00:23:17,5,7,0,0
2023-05-25 00:28:17,5,7,0,0
2023-05-25 00:33:17,5,7,0,0
2023-05-25 00:38:17,5,7,0,0
2023-05-25 00:43:17,5,8,0,0
2023-05-25 00:48:17,5,8,0,0
2023-05-25 00:53:17,5,8,0,0
2023-05-25 00:58:17,6,8,0,0
2023-05-25 01:03:17,6,8,0,0
2023-05-25 01:08:17,6,8,0,0
2023-05-25 01:13:17,6,8,0,0
2023-05-25 01:18:17,6,9,0,0
2023-05-25 01:23:17,6,9,0,0
2023-05-25 01:28:17,6,9,0,0
2023-05-25 01:33:17,6,9,0,0
2023-05-25 01:38:17,6,9,0,0
2023-05-25 01:43:17,6,9,0,0
2023-05-25 01:48:17,6,9,0,0
2023-05-25 01:53:17,6,9,0,0
2023-05-25 01:58:17,6,9,0,0
2023-05-25 02:03:17,7,10,0,0
2023-05-25 02:08:17,7,10,0,0
2023-05-25 02:13:17,7,10,0,0
2023-05-25 02:18:17,7,10,0,0
2023-05-25 02:23:17,7,10,0,0
2023-05-25 02:28:17,7,10,0,0
2023-05-25 02:33:17,7,10,0,0
2023-05-25 02:38:17,7,10,0,0
2023-05-25 02:43:17,7,10,0,0
2023-05-25 02:48:17,7,11,0,0
2023-05-25 02:53:17,7,11,0,0
2023-05-25 02:58:17,7,11,0,0
2023-05-25 03:03:17,7,11,0,0
2023-05-25 03:08:17,7,11,0,0
2023-05-25 03:13:17,7,11,0,0
2023-05-25 03:18:17,8,11,0,0
2023-05-25 03:23:17,8,11,0,0
2023-05-25 03:28:17,8,11,0,0
2023-05-25 03:33:17,8,11,0,0
2023-05-25 03:38:17,8,11,0,0
2023-05-25 03:43:17,8,11,0,0
2023-05-25 03:48:17,8,12,0,0
2023-05-25 03:53:17,8,12,0,0
2023-05-25 03:58:17,8,12,0,0
2023-05-25 04:03:17,8,12,0,0
2023-05-25 04:08:17,8,12,0,0
2023-05-25 04:13:17,8,12,0,0
2023-05-25 04:18:17,8,12,0,0
2023-05-25 04:23:17,8,12,0,0
2023-05-25 04:28:17,8,12,0,0
2023-05-25 04:33:17,8,12,0,0
2023-05-25 04:38:17,8,12,0,0
2023-05-25 04:43:17,8,12,0,0
2023-05-25 04:48:17,8,12,0,0
2023-05-25 04:53:17,8,12,0,0
2023-05-25 04:58:17,8,12,0,0
2023-05-25 05:03:17,8,12,0,0
2023-05-25 05:08:17,8,12,0,0
2023-05-25 05:13:17,8,12,0,0
2023-05-25 05:18:17,8,12,0,0
2023-05-25 05:23:17,8,12,0,0
2023-05-25 05:28:17,8,12,0,0
2023-05-25 05:33:17,8,12,0,0
2023-05-25 05:38:17,8,12,0,0
2023-05-25 05:43:17,8,12,0,0
2023-05-25 05:48:17,8,12,0,0
2023-05-25 05:53:17,8,12,0,0
2023-05-25 05:58:17,8,12,0,0
2023-05-25 06:03:17,8,12,0,0
2023-05-25 06:08:17,8,12,0,0
2023-05-25 06:13:17,8,12,0,0
2023-05-25 06:18:17,8,12,0,0
2023-05-25 06:23:17,8,12,0,0
2023-05-25 06:28:17,8,12,0,0
2023-05-25 06:33:17,8,12,0,0
2023-05-25 06:38:17,8,12,0,0
2023-05-25 06:43:17,8,12,0,0
2023-05-25 06:48:17,8,12,0,0
2023-05-25 06:53:17,8,12,0,0
2023-05-25 06:58:17,8,12,0,0
2023-05-25 07:03:17,8,12,0,0
2023-05-25 07:08:17,8,12,0,0
2023-05-25 07:13:17,8,12,0,0
2023-05-25 07:18:17,8,12,0,0
2023-05-25 07:23:17,8,12,0,0
2023-05-25 07:28:17,8,12,0,0
2023-05-25 07:33:17,8,12,0,0
2023-05-25 07:38:17,8,12,0,0
2023-05-25 07:43:17,8,12,0,0
2023-05-25 07:48:17,8,12,0,0
2023-05-25 07:53:17,8,12,0,0
2023-05-25 07:58:17,8,12,0,0
2023-05-25 08:03:17,8,12,0,0
2023-05-25 08:08:17,8,12,0,0
2023-05-25 08:13:17,8,12,0,0
2023-05-25 08:18:17,8,11,0,0
2023-05-25 08:23:17,8,11,0,0
2023-05-25 08:28:17,8,11,0,0
2023-05-25 08:33:17,8,11,0,0
2023-05-25 08:38:17,8,11,0,0
2023-05-25 08:43:17,8,11,0,0
2023-05-25 08:48:17,7,11,0,0
2023-05-25 08:53:17,7,11,0,0
2023-05-25 08:58:17,7,11,0,0
2023-05-25 09:03:17,7,11,0,0
2023-05-25 09:08:17,7,11,0,0
2023-05-25 09:13:17,7,10,0,0
2023-05-25 09:18:17,7,10,0,0
2023-05-25 09:23:17,7,10,0,0
2023-05-25 09:28:17,7,10,0,0
2023-05-25 09:33:17,7,10,0,0
2023-05-25 09:38:17,7,10,0,0
2023-05-25 09:43:17,7,10,0,0
2023-05-25 09:48:17,7,10,0,0
2023-05-25 09:53:17,7,10,0,0
2023-05-25 09:58:17,7,10,0,0
2023-05-25 10:03:17,6,9,0,0
2023-05-25 10:08:17,6,9,0,0
2023-05-25 10:13:17,6,9,0,0
2023-05-25 10:18:17,6,9,0,0
2023-05-25 10:23:17,6,9,0,0
2023-05-25 10:28:17,6,9,0,0
2023-05-25 10:33:17,6,9,0,0
2023-05-25 10:38:17,6,9,0,0
2023-05-25 10:43:17,6,8,0,0
2023-05-25 10:48:17,6,8,0,0
2023-05-25 10:53:17,6,8,0,0
2023-05-25 10:58:17,6,8,0,0
2023-05-25 11:03:17,5,8,0,0
2023-05-25 11:08:17,5,8,0,0
2023-05-25 11:13:17,5,8,0,0
2023-05-25 11:18:17,5,8,0,0
2023-05-25 11:23:17,5,7,0,0
2023-05-25 11:28:17,5,7,0,0
2023-05-25 11:33:17,5,7,0,0
2023-05-25 11:38:17,5,7,0,0
2023-05-25 11:43:17,5,7,0,0
2023-05-25 11:48:17,5,7,0,0
2023-05-25 11:53:17,5,7,0,0
2023-05-25 11:58:17,5,7,0,0
2023-05-25 12:03:17,4,6,0,0
2023-05-25 12:08:17,4,6,0,0
2023-05-25 12:13:17,4,6,0,0
2023-05-25 12:18:17,4,6,0,0
2023-05-25 12:23:17,4,6,0,0
2023-05-25 12:28:17,4,6,0,0
2023-05-25 12:33:17,4,6,0,0
2023-05-25 12:38:17,4,6,0,0
2023-05-25 12:43:17,4,5,0,0
2023-05-25 12:48:17,4,5,0,0
2023-05-25 12:53:17,4,5,0,0
2023-05-25 12:58:17,3,5,0,0
2023-05-25 13:03:17,3,5,0,0
2023-05-25 13:08:17,3,5,0,0
2023-05-25 13:13:17,3,5,0,0
2023-05-25 13:18:17,3,4,0,0
2023-05-25 13:23:17,3,4,0,0
2023-05-25 13:28:17,3,4,0,0
2023-05-25 13:33:17,3,4,0,0
2023-05-25 13:38:17,3,4,0,0
2023-05-25 13:43:17,3,4,0,0
2023-05-25 13:48:17,3,4,0,0
2023-05-25 13:53:17,3,4,0,0
2023-05-25 13:58:17,3,4,0,0
2023-05-25 14:03:17,2,3,0,0
2023-05-25 14:08:17,2,3,0,0
2023-05-25 14:13:17,2,3,0,0
2023-05-25 14:18:17,2,3,0,0
2023-05-25 14:23:17,2,3,0,0
2023-05-25 14:28:17,2,3,0,0
2023-05-25 14:33:17,2,3,0,0
2023-05-25 14:38:17,2,3,0,0
2023-05-25 14:43:17,2,3,0,0
2023-05-25 14:48:17,2,2,0,0
2023-05-25 14:53:17,2,2,0,0
2023-05-25 14:58:17,2,2,0,0
2023-05-25 15:03:17,2,2,0,0
2023-05-25 15:08:17,2,2,0,0
2023-05-25 15:13:17,2,2,0,0
2023-05-25 15:18:17,1,2,0,0
2023-05-25 15:23:17,1,2,0,0
2023-05-25 15:28:17,1,2,0,0
2023-05-25 15:33:17,1,2,0,0
2023-05-25 15:38:17,1,2,0,0
2023-05-25 15:43:17,1,2,0,0
2023-05-25 15:48:17,1,1,0,0
2023-05-25 15:53:17,1,1,0,0
2023-05-25 15:58:17,1,1,0,0
2023-05-25 16:03:17,1,1,0,0
2023-05-25 16:08:17,1,1,0,0
2023-05-25 16:13:17,1,1,0,0
2023-05-25 16:18:17,1,1,0,0
2023-05-25 16:23:17,1,1,0,0
2023-05-25 16:28:17,1,1,0,0
2023-05-25 16:33:17,1,1,0,0
2023-05-25 16:38:17,1,1,0,0
2023-05-25 16:43:17,1,1,0,0
2023-05-25 16:48:17,1,1,0,0
2023-05-25 16:53:17,1,1,0,0
2023-05-25 16:58:17,1,1,0,0
2023-05-25 17:03:17,1,1,0,0
2023-05-25 17:08:17,1,1,0,0
2023-05-25 17:13:17,1,1,0,0
2023-05-25 17:18:17,1,1,0,0
2023-05-25 17:23:17,1,1,0,0
2023-05-25 17:28:17,1,1,0,0
2023-05-25 17:33:17,1,1,0,0
2023-05-25 17:38:17,1,1,0,0
2023-05-25 17:43:17,1,1,0,0
2023-05-25 17:48:17,1,1,0,0
2023-05-25 17:53:17,1,1,0,0
2023-05-25 17:58:17,1,1,0,0
2023-05-25 18:03:17,1,1,0,0
2023-05-25 18:08:17,1,1,0,0
2023-05-25 18:13:17,1,1,0,0
2023-05-25 18:18:17,1,1,0,0
2023-05-25 18:23:17,1,1,0,0
2023-05-25 18:28:17,1,1,0,0
2023-05-25 18:33:17,1,1,0,0
2023-05-25 18:38:17,1,1,0,0
2023-05-25 18:43:17,1,1,0,0
2023-05-25 18:48:17,1,1,0,0
2023-05-25 18:53:17,1,1,0,0
2023-05-25 18:58:17,1,1,0,0
2023-05-25 19:03:17,1,1,0,0
2023-05-25 19:08:17,1,1,0,0
2023-05-25 19:13:17,1,1,0,0
2023-05-25 19:18:17,1,1,0,0
2023-05-25 19:23:17,1,1,0,0
2023-05-25 19:28:17,1,1,0,0
2023-05-25 19:33:17,1,1,0,0
2023-05-25 19:38:17,1,1,0,0
2023-05-25 19:43:17,1,1,0,0
2023-05-25 19:48:17,1,1,0,0
2023-05-25 19:53:17,1,1,0,0
2023-05-25 19:58:17,1,1,0,0
2023-05-25 20:03:17,1,1,0,0
2023-05-25 20:08:17,1,1,0,0
2023-05-25 20:13:17,1,1,0,0
2023-05-25 20:18:17,1,2,0,0
2023-05-25 20:23:17,1,2,0,0
2023-05-25 20:28:17,1,2,0,0
2023-05-25 20:33:17,1,2,0,0
2023-05-25 20:38:17,1,2,0,0
2023-05-25 20:43:17,1,2,0,0
2023-05-25 20:48:17,2,2,0,0
2023-05-25 20:53:17,2,2,0,0
2023-05-25 20:58:17,2,2,0,0
2023-05-25 21:03:17,2,2,0,0
2023-05-25 21:08:17,2,2,0,0
2023-05-25 21:13:17,2,3,0,0
2023-05-25 21:18:17,2,3,0,0
2023-05-25 21:23:17,2,3,0,0
2023-05-25 21:28:17,2,3,0,0
2023-05-25 21:33:17,2,3,0,0
2023-05-25 21:38:17,2,3,0,0
2023-05-25 21:43:17,2,3,0,0
2023-05-25 21:48:17,2,3,0,0
2023-05-25 21:53:17,2,3,0,0
2023-05-25 21:58:17,2,3,0,0
2023-05-25 22:03:17,3,4,0,0
2023-05-25 22:08:17,3,4,0,0
2023-05-25 22:13:17,3,4,0,0
2023-05-25 22:18:17,3,4,0,0
2023-05-25 22:23:17,3,4,0,0
2023-05-25 22:28:17,3,4,0,0
2023-05-25 22:33:17,3,4,0,0
2023-05-25 22:38:17,3,4,0,0
2023-05-25 22:43:17,3,5,0,0
2023-05-25 22:48:17,3,5,0,0
2023-05-25 22:53:17,3,5,0,0
2023-05-25 22:58:17,3,5,0,0
2023-05-25 23:03:17,4,5,0,0
2023-05-25 23:08:17,4,5,0,0
2023-05-25 23:13:17,4,5,0,0
2023-05-25 23:18:17,4,5,0,0
2023-05-25 23:23:17,4,6,0,0
2023-05-25 23:28:17,4,6,0,0
2023-05-25 23:33:17,4,6,0,0
2023-05-25 23:38:17,4,6,0,0
2023-05-25 23:43:17,4,6,0,0
2023-05-25 23:48:17,4,6,0,0
2023-05-25 23:53:17,4,6,0,0
2023-05-25 23:58:17,4,6,0,0
2023-05-26 00:03:17,5,7,0,0
2023-05-26 00:08:17,5,7,0,0
2023-05-26 00:13:17,5,7,0,0
2023-05-26 00:18:17,5,7,0,0
2023-05-26 00:23:17,5,7,0,0
2023-05-26 00:28:17,5,7,0,0
2023-05-26 00:33:17,5,7,0,0
2023-05-26 00:38:17,5,7,0,0
2023-05-26 00:43:17,5,8,0,0
2023-05-26 00:48:17,5,8,0,0
2023-05-26 00:53:17,5,8,0,0
2023-05-26 00:58:17,6,8,0,0
2023-05-26 01:03:17,6,8,0,0
2023-05-26 01:08:17,6,8,0,0
2023-05-26 01:13:17,6,8,0,0
2023-05-26 01:18:17,6,9,0,0
2023-05-26 01:23:17,6,9,0,0
2023-05-26 01:28:17,6,9,0,0
2023-05-26 01:33:17,6,9,0,0
2023-05-26 01:38:17,6,9,0,0
2023-05-26 01:43:17,6,9,0,0
2023-05-26 01:48:17,6,9,0,0
2023-05-26 01:53:17,6,9,0,0
2023-05-26 01:58:17,6,9,0,0
2023-05-26 02:03:17,7,10,0,0
2023-05-26 02:08:17,7,10,0,0
2023-05-26 02:13:17,7,10,0,0
2023-05-26 02:18:17,7,10,0,0
2023-05-26 02:23:17,7,10,0,0
2023-05-26 02:28:17,7,10,0,0
2023-05-26 02:33:17,7,10,0,0
2023-05-26 02:38:17,7,10,0,0
2023-05-26 02:43:17,7,10,0,0
2023-05-26 02:48:17,7,11,0,0
2023-05-26 02:53:17,7,11,0,0
2023-05-26 02:58:17,7,11,0,0
2023-05-26 03:03:17,7,11,0,0
2023-05-26 03:08:17,7,11,0,0
2023-05-26 03:13:17,7,11,0,0
2023-05-26 03:18:17,8,11,0,0
2023-05-26 03:23:17,8,11,0,0
2023-05-26 03:28:17,8,11,0,0
2023-05-26 03:33:17,8,11,0,0
2023-05-26 03:38:17,8,11,0,0
2023-05-26 03:43:17,8,11,0,0
2023-05-26 03:48:17,8,12,0,0
2023-05-26 03:53:17,8,12,0,0
2023-05-26 03:58:17,8,12,0,0
2023-05-26 04:03:17,8,12,0,0
2023-05-26 04:08:17,8,12,0,0
2023-05-26 04:13:17,8,12,0,0
2023-05-26 04:18:17,8,12,0,0
2023-05-26 04:23:17,8,12,0,0
2023-05-26 04:28:17,8,12,0,0
2023-05-26 04:33:17,8,12,0,0
2023-05-26 04:38:17,8,12,0,0
2023-05-26 04:43:17,8,12,0,0
2023-05-26 04:48:17,8,12,0,0
2023-05-26 04:53:17,8,12,0,0
2023-05-26 04:58:17,8,12,0,0
2023-05-26 05:03:17,8,12,0,0
2023-05-26 05:08:17,8,12,0,0
2023-05-26 05:13:17,8,12,0,0
2023-05-26 05:18:17,8,12,0,0
2023-05-26 05:23:17,8,12,0,0
2023-05-26 05:28:17,8,12,0,0
2023-05-26 05:33:17,8,12,0,0
2023-05-26 05:38:17,8,12,0,0
2023-05-26 05:43:17,8,12,0,0
2023-05-26 05:48:17,8,12,0,0
2023-05-26 05:53:17,8,12,0,0
2023-05-26 05:58:17,8,12,0,0
2023-05-26 06:03:17,8,12,0,0
2023-05-26 06:08:17,8,12,0,0
2023-05-26 06:13:17,8,12,0,0
2023-05-26 06:18:17,8,12,0,0
2023-05-26 06:23:17,8,12,0,0
2023-05-26 06:28:17,8,12,0,0
2023-05-26 06:33:17,8,12,0,0
2023-05-26 06:38:17,8,12,0,0
2023-05-26 06:43:17,8,12,0,0
2023-05-26 06:48:17,8,12,0,0
2023-05-26 06:53:17,8,12,0,0
2023-05-26 06:58:17,8,12,0,0
2023-05-26 07:03:17,8,12,0,0
2023-05-26 07:08:17,8,12,0,0
2023-05-26 07:13:17,8,12,0,0
2023-05-26 07:18:17,8,12,0,0
2023-05-26 07:23:17,8,12,0,0
2023-05-26 07:28:17,8,12,0,0
2023-05-26 07:33:17,8,12,0,0
2023-05-26 07:38:17,8,12,0,0
2023-05-26 07:43:17,8,12,0,0
2023-05-26 07:48:17,8,12,0,0
2023-05-26 07:53:17,8,12,0,0
2023-05-26 07:58:17,8,12,0,0
2023-05-26 08:03:17,8,12,0,0
2023-05-26 08:08:17,8,12,0,0
2023-05-26 08:13:17,8,12,0,0
2023-05-26 08:18:17,8,11,0,0
2023-05-26 08:23:17,8,11,0,0
2023-05-26 08:28:17,8,11,0,0
2023-05-26 08:33:17,8,11,0,0
2023-05-26 08:38:17,8,11,0,0
2023-05-26 08:43:17,8,11,0,0
2023-05-26 08:48:17,7,11,0,0
2023-05-26 08:53:17,7,11,0,0
2023-05-26 08:58:17,7,11,0,0
2023-05-26 09:03:17,7,11,0,0
2023-05-26 09:08:17,7,11,0,0
2023-05-26 09:13:17,7,10,0,0
2023-05-26 09:18:17,7,10,0,0
2023-05-26 09:23:17,7,10,0,0
2023-05-26 09:28:17,7,10,0,0
2023-05-26 09:33:17,7,10,0,0
2023-05-26 09:38:17,7,10,0,0
2023-05-26 09:43:17,7,10,0,0
2023-05-26 09:48:17,7,10,0,0
2023-05-26 09:53:17,7,10,0,0
2023-05-26 09:58:17,7,10,0,0
2023-05-26 10:03:17,6,9,0,0
2023-05-26 10:08:17,6,9,0,0
2023-05-26 10:13:17,6,9,0,0
2023-05-26 10:18:17,6,9,0,0
2023-05-26 10:23:17,6,9,0,0
2023-05-26 10:28:17,6,9,0,0
2023-05-26 10:33:17,6,9,0,0
2023-05-26 10:38:17,6,9,0,0
2023-05-26 10:43:17,6,8,0,0
2023-05-26 10:48:17,6,8,0,0
2023-05-26 10:53:17,6,8,0,0
2023-05-26 10:58:17,6,8,0,0
2023-05-26 11:03:17,5,8,0,0
2023-05-26 11:08:17,5,8,0,0
2023-05-26 11:13:17,5,8,0,0
2023-05-26 11:18:17,5,8,0,0
2023-05-26 11:23:17,5,7,0,0
2023-05-26 11:28:17,5,7,0,0
2023-05-26 11:33:17,5,7,0,0
2023-05-26 11:38:17,5,7,0,0
2023-05-26 11:43:17,5,7,0,0
2023-05-26 11:48:17,5,7,0,0
2023-05-26 11:53:17,5,7,0,0
2023-05-26 11:58:17,5,7,0,0
2023-05-26 12:03:17,4,6,0,0
2023-05-26 12:08:17,4,6,0,0
2023-05-26 12:13:17,4,6,0,0
2023-05-26 12:18:17,4,6,0,0
2023-05-26 12:23:17,4,6,0,0
2023-05-26 12:28:17,4,6,0,0
2023-05-26 12:33:17,4,6,0,0
2023-05-26 12:38:17,4,6,0,0
2023-05-26 12:43:17,4,5,0,0
2023-05-26 12:48:17,4,5,0,0
2023-05-26 12:53:17,4,5,0,0
2023-05-26 12:58:17,3,5,0,0
2023-05-26 13:03:17,3,5,0,0
2023-05-26 13:08:17,3,5,0,0
2023-05-26 13:13:17,3,5,0,0
2023-05-26 13:18:17,3,4,0,0
2023-05-26 13:23:17,3,4,0,0
2023-05-26 13:28:17,3,4,0,0
2023-05-26 13:33:17,3,4,0,0
2023-05-26 13:38:17,3,4,0,0
2023-05-26 13:43:17,3,4,0,0
2023-05-26 13:48:17,3,4,0,0
2023-05-26 13:53:17,3,4,0,0
2023-05-26 13:58:17,3,4,0,0
2023-05-26 14:03:17,2,3,0,0
2023-05-26 14:08:17,2,3,0,0
2023-05-26 14:13:17,2,3,0,0
2023-05-26 14:18:17,2,3,0,0
2023-05-26 14:23:17,2,3,0,0
2023-05-26 14:28:17,2,3,0,0
2023-05-26 14:33:17,2,3,0,0
2023-05-26 14:38:17,2,3,0,0
2023-05-26 14:43:17,2,3,0,0
2023-05-26 14:48:17,2,2,0,0
2023-05-26 14:53:17,2,2,0,0
2023-05-26 14:58:17,2,2,0,0
2023-05-26 15:03:17,2,2,0,0
2023-05-26 15:08:17,2,2,0,0
2023-05-26 15:13:17,2,2,0,0
2023-05-26 15:18:17,1,2,0,0
2023-05-26 15:23:17,1,2,0,0
2023-05-26 15:28:17,1,2,0,0
2023-05-26 15:33:17,1,2,0,0
2023-05-26 15:38:17,1,2,0,0
2023-05-26 15:43:17,1,2,0,0
2023-05-26 15:48:17,1,1,0,0
2023-05-26 15:53:17,1,1,0,0
2023-05-26 15:58:17,1,1,0,0
2023-05-26 16:03:17,1,1,0,0
2023-05-26 16:08:17,1,1,0,0
2023-05-26 16:13:17,1,1,0,0
2023-05-26 16:18:17,1,1,0,0
2023-05-26 16:23:17,1,1,0,0
2023-05-26 16:28:17,1,1,0,0
2023-05-26 16:33:17,1,1,0,0
2023-05-26 16:38:17,1,1,0,0
2023-05-26 16:43:17,1,1,0,0
2023-05-26 16:48:17,1,1,0,0
2023-05-26 16:53:17,1,1,0,0
2023-05-26 16:58:17,1,1,0,0
2023-05-26 17:03:17,1,1,0,0
2023-05-26 17:08:17,1,1,0,0
2023-05-26 17:13:17,1,1,0,0
2023-05-26 17:18:17,1,1,0,0
2023-05-26 17:23:17,1,1,0,0
2023-05-26 17:28:17,1,1,0,0
2023-05-26 17:33:17,1,1,0,0
2023-05-26 17:38:17,1,1,0,0
2023-05-26 17:43:17,1,1,0,0
2023-05-26 17:48:17,1,1,0,0
2023-05-26 17:53:17,1,1,0,0
2023-05-26 17:58:17,1,1,0,0
2023-05-26 18:03:17,1,1,0,0
2023-05-26 18:08:17,1,1,0,0
2023-05-26 18:13:17,1,1,0,0
2023-05-26 18:18:17,1,1,0,0
2023-05-26 18:23:17,1,1,0,0
2023-05-26 18:28:17,1,1,0,0
2023-05-26 18:33:17,1,1,0,0
2023-05-26 18:38:17,1,1,0,0
2023-05-26 18:43:17,1,1,0,0
2023-05-26 18:48:17,1,1,0,0
2023-05-26 18:53:17,1,1,0,0
2023-05-26 18:58:17,1,1,0,0
2023-05-26 19:03:17,1,1,0,0
2023-05-26 19:08:17,1,1,0,0
2023-05-26 19:13:17,1,1,0,0
2023-05-26 19:18:17,1,1,0,0
2023-05-26 19:23:17,1,1,0,0
2023-05-26 19:28:17,1,1,0,0
2023-05-26 19:33:17,1,1,0,0
2023-05-26 19:38:17,1,1,0,0
2023-05-26 19:43:17,1,1,0,0
2023-05-26 19:48:17,1,1,0,0
2023-05-26 19:53:17,1,1,0,0
2023-05-26 19:58:17,1,1,0,0
2023-05-26 20:03:17,1,1,0,0
2023-05-26 20:08:17,1,1,0,0
2023-05-26 20:13:17,1,1,0,0
2023-05-26 20:18:17,1,2,0,0
2023-05-26 20:23:17,1,2,0,0
2023-05-26 20:28:17,1,2,0,0
2023-05-26 20:33:17,1,2,0,0
2023-05-26 20:38:17,1,2,0,0
2023-05-26 20:43:17,1,2,0,0
2023-05-26 20:48:17,2,2,0,0
2023-05-26 20:53:17,2,2,0,0
2023-05-26 20:58:17,2,2,0,0
2023-05-26 21:03:17,2,2,0,0
2023-05-26 21:08:17,2,2,0,0
2023-05-26 21:13:17,2,3,0,0
2023-05-26 21:18:17,2,3,0,0
2023-05-26 21:23:17,2,3,0,0
2023-05-26 21:28:17,2,3,0,0
2023-05-26 21:33:17,2,3,0,0
2023-05-26 21:38:17,2,3,0,0
2023-05-26 21:43:17,2,3,0,0
2023-05-26 21:48:17,2,3,0,0
2023-05-26 21:53:17,2,3,0,0
2023-05-26 21:58:17,2,3,0,0
2023-05-26 22:03:17,3,4,0,0
2023-05-26 22:08:17,3,4,0,0
2023-05-26 22:13:17,3,4,0,0
2023-05-26 22:18:17,3,4,0,0
2023-05-26 22:23:17,3,4,0,0
2023-05-26 22:28:17,3,4,0,0
2023-05-26 22:33:17,3,4,0,0
2023-05-26 22:38:17,3,4,0,0
2023-05-26 22:43:17,3,5,0,0
2023-05-26 22:48:17,3,5,0,0
2023-05-26 22:53:17,3,5,0,0
2023-05-26 22:58:17,3,5,0,0
2023-05-26 23:03:17,4,5,0,0
2023-05-26 23:08:17,4,5,0,0
2023-05-26 23:13:17,4,5,0,0
2023-05-26 23:18:17,4,5,0,0
2023-05-26 23:23:17,4,6,0,0
2023-05-26 23:28:17,4,6,0,0
2023-05-26 23:33:17,4,6,0,0
2023-05-26 23:38:17,4,6,0,0
2023-05-26 23:43:17,4,6,0,0
2023-05-26 23:48:17,4,6,0,0
2023-05-26 23:53:17,4,6,0,0
2023-05-26 23:58:17,4,6,0,0
2023-05-27 00:03:17,5,7,0,0
2023-05-27 00:08:17,5,7,0,0
2023-05-27 00:13:17,5,7,0,0
2023-05-27 00:18:17,5,7,0,0
2023-05-27 00:23:17,5,7,0,0
2023-05-27 00:28:17,5,7,0,0
2023-05-27 00:33:17,5,7,0,0
2023-05-27 00:38:17,5,7,0,0
2023-05-27 00:43:17,5,8,0,0
2023-05-27 00:48:17,5,8,0,0
2023-05-27 00:53:17,5,8,0,0
2023-05-27 00:58:17,6,8,0,0
2023-05-27 01:03:17,6,8,0,0
2023-05-27 01:08:17,6,8,0,0
2023-05-27 01:13:17,6,8,0,0
2023-05-27 01:18:17,6,9,0,0
2023-05-27 01:23:17,6,9,0,0
2023-05-27 01:28:17,6,9,0,0
2023-05-27 01:33:17,6,9,0,0
2023-05-27 01:38:17,6,9,0,0
2023-05-27 01:43:17,6,9,0,0
2023-05-27 01:48:17,6,9,0,0
2023-05-27 01:53:17,6,9,0,0
2023-05-27 01:58:17,6,9,0,0
2023-05-27 02:03:17,7,10,0,0
2023-05-27 02:08:17,7,10,0,0
2023-05-27 02:13:17,7,10,0,0
2023-05-27 02:18:17,7,10,0,0
2023-05-27 02:23:17,7,10,0,0
2023-05-27 02:28:17,7,10,0,0
2023-05-27 02:33:17,7,10,0,0
2023-05-27 02:38:17,7,10,0,0
2023-05-27 02:43:17,7,10,0,0
2023-05-27 02:48:17,7,11,0,0
2023-05-27 02:53:17,7,11,0,0
2023-05-27 02:58:17,7,11,0,0
2023-05-27 03:03:17,7,11,0,0
2023-05-27 03:08:17,7,11,0,0
2023-05-27 03:13:17,7,11,0,0
2023-05-27 03:18:17,8,11,0,0
2023-05-27 03:23:17,8,11,0,0
2023-05-27 03:28:17,8,11,0,0
2023-05-27 03:33:17,8,11,0,0
2023-05-27 03:38:17,8,11,0,0
2023-05-27 03:43:17,8,11,0,0
2023-05-27 03:48:17,8,12,0,0
2023-05-27 03:53:17,8,12,0,0
2023-05-27 03:58:17,8,12,0,0
2023-05-27 04:03:17,8,12,0,0
2023-05-27 04:08:17,8,12,0,0
2023-05-27 04:13:17,8,12,0,0
2023-05-27 04:18:17,8,12,0,0
2023-05-27 04:23:17,8,12,0,0
2023-05-27 04:28:17,8,12,0,0
2023-05-27 04:33:17,8,12,0,0
2023-05-27 04:38:17,8,12,0,0
2023-05-27 04:43:17,8,12,0,0
2023-05-27 04:48:17,8,12,0,0
2023-05-27 04:53:17,8,12,0,0
2023-05-27 04:58:17,8,12,0,0
2023-05-27 05:03:17,8,12,0,0
2023-05-27 05:08:17,8,12,0,0
2023-05-27 05:13:17,8,12,0,0
2023-05-27 05:18:17,8,12,0,0
2023-05-27 05:23:17,8,12,0,0
2023-05-27 05:28:17,8,12,0,0
2023-05-27 05:33:17,8,12,0,0
2023-05-27 05:38:17,8,12,0,0
2023-05-27 05:43:17,8,12,0,0
2023-05-27 05:48:17,8,12,0,0
2023-05-27 05:53:17,8,12,0,0
2023-05-27 05:58:17,8,12,0,0
2023-05-27 06:03:17,8,12,0,0
2023-05-27 06:08:17,8,12,0,0
2023-05-27 06:13:17,8,12,0,0
2023-05-27 06:18:17,8,12,0,0
2023-05-27 06:23:17,8,12,0,0
2023-05-27 06:28:17,8,12,0,0
2023-05-27 06:33:17,8,12,0,0
2023-05-27 06:38:17,8,12,0,0
2023-05-27 06:43:17,8,12,0,0
2023-05-27 06:48:17,8,12,0,0
2023-05-27 06:53:17,8,12,0,0
2023-05-27 06:58:17,8,12,0,0
2023-05-27 07:03:17,8,12,0,0
2023-05-27 07:08:17,8,12,0,0
2023-05-27 07:13:17,8,12,0,0
2023-05-27 07:18:17,8,12,0,0
2023-05-27 07:23:17,8,12,0,0
2023-05-27 07:28:17,8,12,0,0
2023-05-27 07:33:17,8,12,0,0
2023-05-27 07:38:17,8,12,0,0
2023-05-27 07:43:17,8,12,0,0
2023-05-27 07:48:17,8,12,0,0
2023-05-27 07:53:17,8,12,0,0
2023-05-27 07:58:17,8,12,0,0
2023-05-27 08:03:17,8,12,0,0
2023-05-27 08:08:17,8,12,0,0
2023-05-27 08:13:17,8,12,0,0
2023-05-27 08:18:17,8,11,0,0
2023-05-27 08:23:17,8,11,0,0
2023-05-27 08:28:17,8,11,0,0
2023-05-27 08:33:17,8,11,0,0
2023-05-27 08:38:17,8,11,0,0
2023-05-27 08:43:17,8,11,0,0
2023-05-27 08:48:17,7,11,0,0
2023-05-27 08:53:17,7,11,0,0
2023-05-27 08:58:17,7,11,0,0
2023-05-27 09:03:17,7,11,0,0
2023-05-27 09:08:17,7,11,0,0
2023-05-27 09:13:17,7,10,0,0
2023-05-27 09:18:17,7,10,0,0
2023-05-27 09:23:17,7,10,0,0
2023-05-27 09:28:17,7,10,0,0
2023-05-27 09:33:17,7,10,0,0
2023-05-27 09:38:17,7,10,0,0
2023-05-27 09:43:17,7,10,0,0
2023-05-27 09:48:17,7,10,0,0
2023-05-27 09:53:17,7,10,0,0
2023-05-27 09:58:17,7,10,0,0
2023-05-27 10:03:17,6,9,0,0
2023-05-27 10:08:17,6,9,0,0
2023-05-27 10:13:17,6,9,0,0
2023-05-27 10:18:17,6,9,0,0
2023-05-27 10:23:17,6,9,0,0
2023-05-27 10:28:17,6,9,0,0
2023-05-27 10:33:17,6,9,0,0
2023-05-27 10:38:17,6,9,0,0
2023-05-27 10:43:17,6,8,0,0
2023-05-27 10:48:17,6,8,0,0
2023-05-27 10:53:17,6,8,0,0
2023-05-27 10:58:17,6,8,0,0
2023-05-27 11:03:17,5,8,0,0
2023-05-27 11:08:17,5,8,0,0
2023-05-27 11:13:17,5,8,0,0
2023-05-27 11:18:17,5,8,0,0
2023-05-27 11:23:17,5,7,0,0
2023-05-27 11:28:17,5,7,0,0
2023-05-27 11:33:17,5,7,0,0
2023-05-27 11:38:17,5,7,0,0
2023-05-27 11:43:17,5,7,0,0
2023-05-27 11:48:17,5,7,0,0
2023-05-27 11:53:17,5,7,0,0
2023-05-27 11:58:17,5,7,0,0
2023-05-27 12:03:17,4,6,0,0
2023-05-27 12:08:17,4,6,0,0
2023-05-27 12:13:17,4,6,0,0
2023-05-27 12:18:17,4,6,0,0
2023-05-27 12:23:17,4,6,0,0
2023-05-27 12:28:17,4,6,0,0
2023-05-27 12:33:17,4,6,0,0
2023-05-27 12:38:17,4,6,0,0
2023-05-27 12:43:17,4,5,0,0
2023-05-27 12:48:17,4,5,0,0
2023-05-27 12:53:17,4,5,0,0
2023-05-27 12:58:17,3,5,0,0
2023-05-27 13:03:17,3,5,0,0
2023-05-27 13:08:17,3,5,0,0
2023-05-27 13:13:17,3,5,0,0
2023-05-27 13:18:17,3,4,0,0
2023-05-27 13:23:17,3,4,0,0
2023-05-27 13:28:17,3,4,0,0
2023-05-27 13:33:17,3,4,0,0
2023-05-27 13:38:17,3,4,0,0
2023-05-27 13:43:17,3,4,0,0
2023-05-27 13:48:17,3,4,0,0
2023-05-27 13:53:17,3,4,0,0
2023-05-27 13:58:17,3,4,0,0
2023-05-27 14:03:17,2,3,0,0
2023-05-27 14:08:17,2,3,0,0
2023-05-27 14:13:17,2,3,0,0
2023-05-27 14:18:17,2,3,0,0
2023-05-27 14:23:17,2,3,0,0
2023-05-27 14:28:17,2,3,0,0
2023-05-27 14:33:17,2,3,0,0
2023-05-27 14:38:17,2,3,0,0
2023-05-27 14:43:17,2,3,0,0
2023-05-27 14:48:17,2,2,0,0
2023-05-27 14:53:17,2,2,0,0
2023-05-27 14:58:17,2,2,0,0
2023-05-27 15:03:17,2,2,0,0
2023-05-27 15:08:17,2,2,0,0
2023-05-27 15:13:17,2,2,0,0
2023-05-27 15:18:17,1,2,0,0
2023-05-27 15:23:17,1,2,0,0
2023-05-27 15:28:17,1,2,0,0
2023-05-27 15:33:17,1,2,0,0
2023-05-27 15:38:17,1,2,0,0
2023-05-27 15:43:17,1,2,0,0
2023-05-27 15:48:17,1,1,0,0
2023-05-27 15:53:17,1,1,0,0
2023-05-27 15:58:17,1,1,0,0
2023-05-27 16:03:17,1,1,0,0
2023-05-27 16:08:17,1,1,0,0
2023-05-27 16:13:17,1,1,0,0
2023-05-27 16:18:17,1,1,0,0
2023-05-27 16:23:17,1,1,0,0
2023-05-27 16:28:17,1,1,0,0
2023-05-27 16:33:17,1,1,0,0
2023-05-27 16:38:17,1,1,0,0
2023-05-27 16:43:17,1,1,0,0
2023-05-27 16:48:17,1,1,0,0
2023-05-27 16:53:17,1,1,0,0
2023-05-27 16:58:17,1,1,0,0
2023-05-27 17:03:17,1,1,0,0
2023-05-27 17:08:17,1,1,0,0
2023-05-27 17:13:17,1,1,0,0
2023-05-27 17:18:17,1,1,0,0
2023-05-27 17:23:17,1,1,0,0
2023-05-27 17:28:17,1,1,0,0
2023-05-27 17:33:17,1,1,0,0
2023-05-27 17:38:17,1,1,0,0
2023-05-27 17:43:17,1,1,0,0
2023-05-27 17:48:17,1,1,0,0
2023-05-27 17:53:17,1,1,0,0
2023-05-27 17:58:17,1,1,0,0
2023-05-27 18:03:17,1,1,0,0
2023-05-27 18:08:17,1,1,0,0
2023-05-27 18:13:17,1,1,0,0
2023-05-27 18:18:17,1,1,0,0
2023-05-27 18:23:17,1,1,0,0
2023-05-27 18:28:17,1,1,0,0
2023-05-27 18:33:17,1,1,0,0
2023-05-27 18:38:17,1,1,0,0
2023-05-27 18:43:17,1,1,0,0
2023-05-27 18:48:17,1,1,0,0
2023-05-27 18:53:17,1,1,0,0
2023-05-27 18:58:17,1,1,0,0
2023-05-27 19:03:17,1,1,0,0
2023-05-27 19:08:17,1,1,0,0
2023-05-27 19:13:17,1,1,0,0
2023-05-27 19:18:17,1,1,0,0
2023-05-27 19:23:17,1,1,0,0
2023-05-27 19:28:17,1,1,0,0
2023-05-27 19:33:17,1,1,0,0
2023-05-27 19:38:17,1,1,0,0
2023-05-27 19:43:17,1,1,0,0
2023-05-27 19:48:17,1,1,0,0
2023-05-27 19:53:17,1,1,0,0
2023-05-27 19:58:17,1,1,0,0
2023-05-27 20:03:17,1,1,0,0
2023-05-27 20:08:17,1,1,0,0
2023-05-27 20:13:17,1,1,0,0
2023-05-27 20:18:17,1,2,0,0
2023-05-27 20:23:17,1,2,0,0
2023-05-27 20:28:17,1,2,0,0
2023-05-27 20:33:17,1,2,0,0
2023-05-27 20:38:17,1,2,0,0
2023-05-27 20:43:17,1,2,0,0
2023-05-27 20:48:17,2,2,0,0
2023-05-27 20:53:17,2,2,0,0
2023-05-27 20:58:17,2,2,0,0
2023-05-27 21:03:17,2,2,0,0
2023-05-27 21:08:17,2,2,0,0
2023-05-27 21:13:17,2,3,0,0
2023-05-27 21:18:17,2,3,0,0
2023-05-27 21:23:17,2,3,0,0
2023-05-27 21:28:17,2,3,0,0
2023-05-27 21:33:17,2,3,0,0
2023-05-27 21:38:17,2,3,0,0
2023-05-27 21:43:17,2,3,0,0
2023-05-27 21:48:17,2,3,0,0
2023-05-27 21:53:17,2,3,0,0
2023-05-27 21:58:17,2,3,0,0
2023-05-27 22:03:17,3,4,0,0
2023-05-27 22:08:17,3,4,0,0
2023-05-27 22:13:17,3,4,0,0
2023-05-27 22:18:17,3,4,0,0
2023-05-27 22:23:17,3,4,0,0
2023-05-27 22:28:17,3,4,0,0
2023-05-27 22:33:17,3,4,0,0
2023-05-27 22:38:17,3,4,0,0
2023-05-27 22:43:17,3,5,0,0
2023-05-27 22:48:17,3,5,0,0
2023-05-27 22:53:17,3,5,0,0
2023-05-27 22:58:17,3,5,0,0
2023-05-27 23:03:17,4,5,0,0
2023-05-27 23:08:17,4,5,0,0
2023-05-27 23:13:17,4,5,0,0
2023-05-27 23:18:17,4,5,0,0
2023-05-27 23:23:17,4,6,0,0
2023-05-27 23:28:17,4,6,0,0
2023-05-27 23:33:17,4,6,0,0
2023-05-27 23:38:17,4,6,0,0
2023-05-27 23:43:17,4,6,0,0
2023-05-27 23:48:17,4,6,0,0
2023-05-27 23:53:17,4,6,0,0
2023-05-27 23:58:17,4,6,0,0
2023-05-28 00:03:17,5,7,0,0
2023-05-28 00:08:17,5,7,0,0
2023-05-28 00:13:17,5,7,0,0
2023-05-28 00:18:17,5,7,0,0
2023-05-28 00:23:17,5,7,0,0
2023-05-28 00:28:17,5,7,0,0
2023-05-28 00:33:17,5,7,0,0
2023-05-28 00:38:17,5,7,0,0
2023-05-28 00:43:17,5,8,0,0
2023-05-28 00:48:17,5,8,0,0
2023-05-28 00:53:17,5,8,0,0
2023-05-28 00:58:17,6,8,0,0
2023-05-28 01:03:17,6,8,0,0
2023-05-28 01:08:17,6,8,0,0
2023-05-28 01:13:17,6,8,0,0
2023-05-28 01:18:17,6,9,0,0
2023-05-28 01:23:17,6,9,0,0
2023-05-28 01:28:17,6,9,0,0
2023-05-28 01:33:17,6,9,0,0
2023-05-28 01:38:17,6,9,0,0
2023-05-28 01:43:17,6,9,0,0
2023-05-28 01:48:17,6,9,0,0
2023-05-28 01:53:17,6,9,0,0
2023-05-28 01:58:17,6,9,0,0
2023-05-28 02:03:17,7,10,0,0
2023-05-28 02:08:17,7,10,0,0
2023-05-28 02:13:17,7,10,0,0
2023-05-28 02:18:17,7,10,0,0
2023-05-28 02:23:17,7,10,0,0
2023-05-28 02:28:17,7,10,0,0
2023-05-28 02:33:17,7,10,0,0
2023-05-28 02:38:17,7,10,0,0
2023-05-28 02:43:17,7,10,0,0
2023-05-28 02:48:17,7,11,0,0
2023-05-28 02:53:17,7,11,0,0
2023-05-28 02:58:17,7,11,0,0
2023-05-28 03:03:17,7,11,0,0
2023-05-28 03:08:17,7,11,0,0
2023-05-28 03:13:17,7,11,0,0
2023-05-28 03:18:17,8,11,0,0
2023-05-28 03:23:17,8,11,0,0
2023-05-28 03:28:17,8,11,0,0
2023-05-28 03:33:17,8,11,0,0
2023-05-28 03:38:17,8,11,0,0
2023-05-28 03:43:17,8,11,0,0
2023-05-28 03:48:17,8,12,0,0
2023-05-28 03:53:17,8,12,0,0
2023-05-28 03:58:17,8,12,0,0
2023-05-28 04:03:17,8,12,0,0
2023-05-28 04:08:17,8,12,0,0
2023-05-28 04:13:17,8,12,0,0
2023-05-28 04:18:17,8,12,0,0
2023-05-28 04:23:17,8,12,0,0
2023-05-28 04:28:17,8,12,0,0
2023-05-28 04:33:17,8,12,0,0
2023-05-28 04:38:17,8,12,0,0
2023-05-28 04:43:17,8,12,0,0
2023-05-28 04:48:17,8,12,0,0
2023-05-28 04:53:17,8,12,0,0
2023-05-28 04:58:17,8,12,0,0
2023-05-28 05:03:17,8,12,0,0
2023-05-28 05:08:17,8,12,0,0
2023-05-28 05:13:17,8,12,0,0
2023-05-28 05:18:17,8,12,0,0
2023-05-28 05:23:17,8,12,0,0
2023-05-28 05:28:17,8,12,0,0
2023-05-28 05:33:17,8,12,0,0
2023-05-28 05:38:17,8,12,0,0
2023-05-28 05:43:17,8,12,0,0
2023-05-28 05:48:17,8,12,0,0
2023-05-28 05:53:17,8,12,0,0
2023-05-28 05:58:17,8,12,0,0
2023-05-28 06:03:17,8,12,0,0
2023-05-28 06:08:17,8,12,0,0
2023-05-28 06:13:17,8,12,0,0
2023-05-28 06:18:17,8,12,0,0
2023-05-28 06:23:17,8,12,0,0
2023-05-28 06:28:17,8,12,0,0
2023-05-28 06:33:17,8,12,0,0
2023-05-28 06:38:17,8,12,0,0
2023-05-28 06:43:17,8,12,0,0
2023-05-28 06:48:17,8,12,0,0
2023-05-28 06:53:17,8,12,0,0
2023-05-28 06:58:17,8,12,0,0
2023-05-28 07:03:17,8,12,0,0
2023-05-28 07:08:17,8,12,0,0
2023-05-28 07:13:17,8,12,0,0
2023-05-28 07:18:17,8,12,0,0
2023-05-28 07:23:17,8,12,0,0
2023-05-28 07:28:17,8,12,0,0
2023-05-28 07:33:17,8,12,0,0
2023-05-28 07:38:17,8,12,0,0
2023-05-28 07:43:17,8,12,0,0
2023-05-28 07:48:17,8,12,0,0
2023-05-28 07:53:17,8,12,0,0
2023-05-28 07:58:17,8,12,0,0
2023-05-28 08:03:17,8,12,0,0
2023-05-28 08:08:17,8,12,0,0
2023-05-28 08:13:17,8,12,0,0
2023-05-28 08:18:17,8,11,0,0
2023-05-28 08:23:17,8,11,0,0
2023-05-28 08:28:17,8,11,0,0
2023-05-28 08:33:17,8,11,0,0
2023-05-28 08:38:17,8,11,0,0
2023-05-28 08:43:17,8,11,0,0
2023-05-28 08:48:17,7,11,0,0
2023-05-28 08:53:17,7,11,0,0
2023-05-28 08:58:17,7,11,0,0
2023-05-28 09:03:17,7,11,0,0
2023-05-28 09:08:17,7,11,0,0
2023-05-28 09:13:17,7,10,0,0
2023-05-28 09:18:17,7,10,0,0
2023-05-28 09:23:17,7,10,0,0
2023-05-28 09:28:17,7,10,0,0
2023-05-28 09:33:17,7,10,0,0
2023-05-28 09:38:17,7,10,0,0
2023-05-28 09:43:17,7,10,0,0
2023-05-28 09:48:17,7,10,0,0
2023-05-28 09:53:17,7,10,0,0
2023-05-28 09:58:17,7,10,0,0
2023-05-28 10:03:17,6,9,0,0
2023-05-28 10:08:17,6,9,0,0
2023-05-28 10:13:17,6,9,0,0
2023-05-28 10:18:17,6,9,0,0
2023-05-28 10:23:17,6,9,0,0
2023-05-28 10:28:17,6,9,0,0
2023-05-28 10:33:17,6,9,0,0
2023-05-28 10:38:17,6,9,0,0
2023-05-28 10:43:17,6,8,0,0
2023-05-28 10:48:17,6,8,0,0
2023-05-28 10:53:17,6,8,0,0
2023-05-28 10:58:17,6,8,0,0
2023-05-28 11:03:17,5,8,0,0
2023-05-28 11:08:17,5,8,0,0
2023-05-28 11:13:17,5,8,0,0
2023-05-28 11:18:17,5,8,0,0
2023-05-28 11:23:17,5,7,0,0
2023-05-28 11:28:17,5,7,0,0
2023-05-28 11:33:17,5,7,0,0
2023-05-28 11:38:17,5,7,0,0
2023-05-28 11:43:17,5,7,0,0
2023-05-28 11:48:17,5,7,0,0
2023-05-28 11:53:17,5,7,0,0
2023-05-28 11:58:17,5,7,0,0
2023-05-28 12:03:17,4,6,0,0
2023-05-28 12:08:17,4,6,0,0
2023-05-28 12:13:17,4,6,0,0
2023-05-28 12:18:17,4,6,0,0
2023-05-28 12:23:17,4,6,0,0
2023-05-28 12:28:17,4,6,0,0
2023-05-28 12:33:17,4,6,0,0
2023-05-28 12:38:17,4,6,0,0
2023-05-28 12:43:17,4,5,0,0
2023-05-28 12:48:17,4,5,0,0
2023-05-28 12:53:17,4,5,0,0
2023-05-28 12:58:17,3,5,0,0
2023-05-28 13:03:17,3,5,0,0
2023-05-28 13:08:17,3,5,0,0
2023-05-28 13:13:17,3,5,0,0
2023-05-28 13:18:17,3,4,0,0
2023-05-28 13:23:17,3,4,0,0
2023-05-28 13:28:17,3,4,0,0
2023-05-28 13:33:17,3,4,0,0
2023-05-28 13:38:17,3,4,0,0
2023-05-28 13:43:17,3,4,0,0
2023-05-28 13:48:17,3,4,0,0
2023-05-28 13:53:17,3,4,0,0
2023-05-28 13:58:17,3,4,0,0
2023-05-28 14:03:17,2,3,0,0
2023-05-28 14:08:17,2,3,0,0
2023-05-28 14:13:17,2,3,0,0
2023-05-28 14:18:17,2,3,0,0
2023-05-28 14:23:17,2,3,0,0
2023-05-28 14:28:17,2,3,0,0
2023-05-28 14:33:17,2,3,0,0
2023-05-28 14:38:17,2,3,0,0
2023-05-28 14:43:17,2,3,0,0
2023-05-28 14:48:17,2,2,0,0
2023-05-28 14:53:17,2,2,0,0
2023-05-28 14:58:17,2,2,0,0
2023-05-28 15:03:17,2,2,0,0
2023-05-28 15:08:17,2,2,0,0
2023-05-28 15:13:17,2,2,0,0
2023-05-28 15:18:17,1,2,0,0
2023-05-28 15:23:17,1,2,0,0
2023-05-28 15:28:17,1,2,0,0
2023-05-28 15:33:17,1,2,0,0
2023-05-28 15:38:17,1,2,0,0
2023-05-28 15:43:17,1,2,0,0
2023-05-28 15:48:17,1,1,0,0
2023-05-28 15:53:17,1,1,0,0
2023-05-28 15:58:17,1,1,0,0
2023-05-28 16:03:17,1,1,0,0
2023-05-28 16:08:17,1,1,0,0
2023-05-28 16:13:17,1,1,0,0
2023-05-28 16:18:17,1,1,0,0
2023-05-28 16:23:17,1,1,0,0
2023-05-28 16:28:17,1,1,0,0
2023-05-28 16:33:17,1,1,0,0
2023-05-28 16:38:17,1,1,0,0
2023-05-28 16:43:17,1,1,0,0
2023-05-28 16:48:17,1,1,0,0
2023-05-28 16:53:17,1,1,0,0
2023-05-28 16:58:17,1,1,0,0
2023-05-28 17:03:17,1,1,0,0
2023-05-28 17:08:17,1,1,0,0
2023-05-28 17:13:17,1,1,0,0
2023-05-28 17:18:17,1,1,0,0
2023-05-28 17:23:17,1,1,0,0
2023-05-28 17:28:17,1,1,0,0
2023-05-28 17:33:17,1,1,0,0
2023-05-28 17:38:17,1,1,0,0
2023-05-28 17:43:17,1,1,0,0
2023-05-28 17:48:17,1,1,0,0
2023-05-28 17:53:17,1,1,0,0
2023-05-28 17:58:17,1,1,0,0
2023-05-28 18:03:17,1,1,0,0
2023-05-28 18:08:17,1,1,0,0
2023-05-28 18:13:17,1,1,0,0
2023-05-28 18:18:17,1,1,0,0
2023-05-28 18:23:17,1,1,0,0
2023-05-28 18:28:17,1,1,0,0
2023-05-28 18:33:17,1,1,0,0
2023-05-28 18:38:17,1,1,0,0
2023-05-28 18:43:17,1,1,0,0
2023-05-28 18:48:17,1,1,0,0
2023-05-28 18:53:17,1,1,0,0
2023-05-28 18:58:17,1,1,0,0
2023-05-28 19:03:17,1,1,0,0
2023-05-28 19:08:17,1,1,0,0
2023-05-28 19:13:17,1,1,0,0
2023-05-28 19:18:17,1,1,0,0
2023-05-28 19:23:17,1,1,0,0
2023-05-28 19:28:17,1,1,0,0
2023-05-28 19:33:17,1,1,0,0
2023-05-28 19:38:17,1,1,0,0
2023-05-28 19:43:17,1,1,0,0
2023-05-28 19:48:17,1,1,0,0
2023-05-28 19:53:17,1,1,0,0
2023-05-28 19:58:17,1,1,0,0
2023-05-28 20:03:17,1,1,0,0
2023-05-28 20:08:17,1,1,0,0
2023-05-28 20:13:17,1,1,0,0
2023-05-28 20:18:17,1,2,0,0
2023-05-28 20:23:17,1,2,0,0
2023-05-28 20:28:17,1,2,0,0
2023-05-28 20:33:17,1,2,0,0
2023-05-28 20:38:17,1,2,0,0
2023-05-28 20:43:17,1,2,0,0
2023-05-28 20:48:17,2,2,0,0
2023-05-28 20:53:17,2,2,0,0
2023-05-28 20:58:17,2,2,0,0
2023-05-28 21:03:17,2,2,0,0
2023-05-28 21:08:17,2,2,0,0
2023-05-28 21:13:17,2,3,0,0
2023-05-28 21:18:17,2,3,0,0
2023-05-28 21:23:17,2,3,0,0
2023-05-28 21:28:17,2,3,0,0
2023-05-28 21:33:17,2,3,0,0
2023-05-28 21:38:17,2,3,0,0
2023-05-28 21:43:17,2,3,0,0
2023-05-28 21:48:17,2,3,0,0
2023-05-28 21:53:17,2,3,0,0
2023-05-28 21:58:17,2,3,0,0
2023-05-28 22:03:17,3,4,0,0
2023-05-28 22:08:17,3,4,0,0
2023-05-28 22:13:17,3,4,0,0
2023-05-28 22:18:17,3,4,0,0
2023-05-28 22:23:17,3,4,0,0
2023-05-28 22:28:17,3,4,0,0
2023-05-28 22:33:17,3,4,0,0
2023-05-28 22:38:17,3,4,0,0
2023-05-28 22:43:17,3,5,0,0
2023-05-28 22:48:17,3,5,0,0
2023-05-28 22:53:17,3,5,0,0
2023-05-28 22:58:17,3,5,0,0
2023-05-28 23:03:17,4,5,0,0
2023-05-28 23:08:17,4,5,0,0
2023-05-28 23:13:17,4,5,0,0
2023-05-28 23:18:17,4,5,0,0
2023-05-28 23:23:17,4,6,0,0
2023-05-28 23:28:17,4,6,0,0
2023-05-28 23:33:17,4,6,0,0
2023-05-28 23:38:17,4,6,0,0
2023-05-28 23:43:17,4,6,0,0
2023-05-28 23:48:17,4,6,0,0
2023-05-28 23:53:17,4,6,0,0
2023-05-28 23:58:17,4,6,0,0
2023-05-29 00:03:17,5,7,0,0
2023-05-29 00:08:17,5,7,0,0
2023-05-29 00:13:17,5,7,0,0
2023-05-29 00:18:17,5,7,0,0
2023-05-29 00:23:17,5,7,0,0
2023-05-29 00:28:17,5,7,0,0
2023-05-29 00:33:17,5,7,0,0
2023-05-29 00:38:17,5,7,0,0
2023-05-29 00:43:17,5,8,0,0
2023-05-29 00:48:17,5,8,0,0
2023-05-29 00:53:17,5,8,0,0
2023-05-29 00:58:17,6,8,0,0
2023-05-29 01:03:17,6,8,0,0
2023-05-29 01:08:17,6,8,0,0
2023-05-29 01:13:17,6,8,0,0
2023-05-29 01:18:17,6,9,0,0
2023-05-29 01:23:17,6,9,0,0
2023-05-29 01:28:17,6,9,0,0
2023-05-29 01:33:17,6,9,0,0
2023-05-29 01:38:17,6,9,0,0
2023-05-29 01:43:17,6,9,0,0
2023-05-29 01:48:17,6,9,0,0
2023-05-29 01:53:17,6,9,0,0
2023-05-29 01:58:17,6,9,0,0
2023-05-29 02:03:17,7,10,0,0
2023-05-29 02:08:17,7,10,0,0
2023-05-29 02:13:17,7,10,0,0
2023-05-29 02:18:17,7,10,0,0
2023-05-29 02:23:17,7,10,0,0
2023-05-29 02:28:17,7,10,0,0
2023-05-29 02:33:17,7,10,0,0
2023-05-29 02:38:17,7,10,0,0
2023-05-29 02:43:17,7,10,0,0
2023-05-29 02:48:17,7,11,0,0
2023-05-29 02:53:17,7,11,0,0
2023-05-29 02:58:17,7,11,0,0
2023-05-29 03:03:17,7,11,0,0
2023-05-29 03:08:17,7,11,0,0
2023-05-29 03:13:17,7,11,0,0
2023-05-29 03:18:17,8,11,0,0
2023-05-29 03:23:17,8,11,0,0
2023-05-29 03:28:17,8,11,0,0
2023-05-29 03:33:17,8,11,0,0
2023-05-29 03:38:17,8,11,0,0
2023-05-29 03:43:17,8,11,0,0
2023-05-29 03:48:17,8,12,0,0
2023-05-29 03:53:17,8,12,0,0
2023-05-29 03:58:17,8,12,0,0
2023-05-29 04:03:17,8,12,0,0
2023-05-29 04:08:17,8,12,0,0
2023-05-29 04:13:17,8,12,0,0
2023-05-29 04:18:17,8,12,0,0
2023-05-29 04:23:17,8,12,0,0
2023-05-29 04:28:17,8,12,0,0
2023-05-29 04:33:17,8,12,0,0
2023-05-29 04:38:17,8,12,0,0
2023-05-29 04:43:17,8,12,0,0
2023-05-29 04:48:17,8,12,0,0
2023-05-29 04:53:17,8,12,0,0
2023-05-29 04:58:17,8,12,0,0
2023-05-29 05:03:17,8,12,0,0
2023-05-29 05:08:17,8,12,0,0
2023-05-29 05:13:17,8,12,0,0
2023-05-29 05:18:17,8,12,0,0
2023-05-29 05:23:17,8,12,0,0
2023-05-29 05:28:17,8,12,0,0
2023-05-29 05:33:17,8,12,0,0
2023-05-29 05:38:17,8,12,0,0
2023-05-29 05:43:17,8,12,0,0
2023-05-29 05:48:17,8,12,0,0
2023-05-29 05:53:17,8,12,0,0
2023-05-29 05:58:17,8,12,0,0
2023-05-29 06:03:17,8,12,0,0
2023-05-29 06:08:17,8,12,0,0
2023-05-29 06:13:17,8,12,0,0
2023-05-29 06:18:17,8,12,0,0
2023-05-29 06:23:17,8,12,0,0
2023-05-29 06:28:17,8,12,0,0
2023-05-29 06:33:17,8,12,0,0
2023-05-29 06:38:17,8,12,0,0
2023-05-29 06:43:17,8,12,0,0
2023-05-29 06:48:17,8,12,0,0
2023-05-29 06:53:17,8,12,0,0
2023-05-29 06:58:17,8,12,0,0
2023-05-29 07:03:17,8,12,0,0
2023-05-29 07:08:17,8,12,0,0
2023-05-29 07:13:17,8,12,0,0
2023-05-29 07:18:17,8,12,0,0
2023-05-29 07:23:17,8,12,0,0
2023-05-29 07:28:17,8,12,0,0
2023-05-29 07:33:17,8,12,0,0
2023-05-29 07:38:17,8,12,0,0
2023-05-29 07:43:17,8,12,0,0
2023-05-29 07:48:17,8,12,0,0
2023-05-29 07:53:17,8,12,0,0
2023-05-29 07:58:17,8,12,0,0
2023-05-29 08:03:17,8,12,0,0
2023-05-29 08:08:17,8,12,0,0
2023-05-29 08:13:17,8,12,0,0
2023-05-29 08:18:17,8,11,0,0
2023-05-29 08:23:17,8,11,0,0
2023-05-29 08:28:17,8,11,0,0
2023-05-29 08:33:17,8,11,0,0
2023-05-29 08:38:17,8,11,0,0
2023-05-29 08:43:17,8,11,0,0
2023-05-29 08:48:17,7,11,0,0
2023-05-29 08:53:17,7,11,0,0
2023-05-29 08:58:17,7,11,0,0
2023-05-29 09:03:17,7,11,0,0
2023-05-29 09:08:17,7,11,0,0
2023-05-29 09:13:17,7,10,0,0
2023-05-29 09:18:17,7,10,0,0
2023-05-29 09:23:17,7,10,0,0
2023-05-29 09:28:17,7,10,0,0
2023-05-29 09:33:17,7,10,0,0
2023-05-29 09:38:17,7,10,0,0
2023-05-29 09:43:17,7,10,0,0
2023-05-29 09:48:17,7,10,0,0
2023-05-29 09:53:17,7,10,0,0
2023-05-29 09:58:17,7,10,0,0
2023-05-29 10:03:17,6,9,0,0
2023-05-29 10:08:17,6,9,0,0
2023-05-29 10:13:17,6,9,0,0
2023-05-29 10:18:17,6,9,0,0
2023-05-29 10:23:17,6,9,0,0
2023-05-29 10:28:17,6,9,0,0
2023-05-29 10:33:17,6,9,0,0
2023-05-29 10:38:17,6,9,0,0
2023-05-29 10:43:17,6,8,0,0
2023-05-29 10:48:17,6,8,0,0
2023-05-29 10:53:17,6,8,0,0
2023-05-29 10:58:17,6,8,0,0
2023-05-29 11:03:17,5,8,0,0
2023-05-29 11:08:17,5,8,0,0
2023-05-29 11:13:17,5,8,0,0
2023-05-29 11:18:17,5,8,0,0
2023-05-29 11:23:17,5,7,0,0
2023-05-29 11:28:17,5,7,0,0
2023-05-29 11:33:17,5,7,0,0
2023-05-29 11:38:17,5,7,0,0
2023-05-29 11:43:17,5,7,0,0
2023-05-29 11:48:17,5,7,0,0
2023-05-29 11:53:17,5,7,0,0
2023-05-29 11:58:17,5,7,0,0
2023-05-29 12:03:17,4,6,0,0
2023-05-29 12:08:17,4,6,0,0
2023-05-29 12:13:17,4,6,0,0
2023-05-29 12:18:17,4,6,0,0
2023-05-29 12:23:17,4,6,0,0
2023-05-29 12:28:17,4,6,0,0
2023-05-29 12:33:17,4,6,0,0
2023-05-29 12:38:17,4,6,0,0
2023-05-29 12:43:17,4,5,0,0
2023-05-29 12:48:17,4,5,0,0
2023-05-29 12:53:17,4,5,0,0
2023-05-29 12:58:17,3,5,0,0
2023-05-29 13:03:17,3,5,0,0
2023-05-29 13:08:17,3,5,0,0
2023-05-29 13:13:17,3,5,0,0
2023-05-29 13:18:17,3,4,0,0
2023-05-29 13:23:17,3,4,0,0
2023-05-29 13:28:17,3,4,0,0
2023-05-29 13:33:17,3,4,0,0
2023-05-29 13:38:17,3,4,0,0
2023-05-29 13:43:17,3,4,0,0
2023-05-29 13:48:17,3,4,0,0
2023-05-29 13:53:17,3,4,0,0
2023-05-29 13:58:17,3,4,0,0
2023-05-29 14:03:17,2,3,0,0
2023-05-29 14:08:17,2,3,0,0
2023-05-29 14:13:17,2,3,0,0
2023-05-29 14:18:17,2,3,0,0
2023-05-29 14:23:17,2,3,0,0
2023-05-29 14:28:17,2,3,0,0
2023-05-29 14:33:17,2,3,0,0
2023-05-29 14:38:17,2,3,0,0
2023-05-29 14:43:17,2,3,0,0
2023-05-29 14:48:17,2,2,0,0
2023-05-29 14:53:17,2,2,0,0
2023-05-29 14:58:17,2,2,0,0
2023-05-29 15:03:17,2,2,0,0
2023-05-29 15:08:17,2,2,0,0
2023-05-29 15:13:17,2,2,0,0
2023-05-29 15:18:17,1,2,0,0
2023-05-29 15:23:17,1,2,0,0
2023-05-29 15:28:17,1,2,0,0
2023-05-29 15:33:17,1,2,0,0
2023-05-29 15:38:17,1,2,0,0
2023-05-29 15:43:17,1,2,0,0
2023-05-29 15:48:17,1,1,0,0
2023-05-29 15:53:17,1,1,0,0
2023-05-29 15:58:17,1,1,0,0
2023-05-29 16:03:17,1,1,0,0
2023-05-29 16:08:17,1,1,0,0
2023-05-29 16:13:17,1,1,0,0
2023-05-29 16:18:17,1,1,0,0
2023-05-29 16:23:17,1,1,0,0
2023-05-29 16:28:17,1,1,0,0
2023-05-29 16:33:17,1,1,0,0
2023-05-29 16:38:17,1,1,0,0
2023-05-29 16:43:17,1,1,0,0
2023-05-29 16:48:17,1,1,0,0
2023-05-29 16:53:17,1,1,0,0
2023-05-29 16:58:17,1,1,0,0
2023-05-29 17:03:17,1,1,0,0
2023-05-29 17:08:17,1,1,0,0
2023-05-29 17:13:17,1,1,0,0
2023-05-29 17:18:17,1,1,0,0
2023-05-29 17:23:17,1,1,0,0
2023-05-29 17:28:17,1,1,0,0
2023-05-29 17:33:17,1,1,0,0
2023-05-29 17:38:17,1,1,0,0
2023-05-29 17:43:17,1,1,0,0
2023-05-29 17:48:17,1,1,0,0
2023-05-29 17:53:17,1,1,0,0
2023-05-29 17:58:17,1,1,0,0
2023-05-29 18:03:17,1,1,0,0
2023-05-29 18:08:17,1,1,0,0
2023-05-29 18:13:17,1,1,0,0
2023-05-29 18:18:17,1,1,0,0
2023-05-29 18:23:17,1,1,0,0
2023-05-29 18:28:17,1,1,0,0
2023-05-29 18:33:17,1,1,0,0
2023-05-29 18:38:17,1,1,0,0
2023-05-29 18:43:17,1,1,0,0
2023-05-29 18:48:17,1,1,0,0
2023-05-29 18:53:17,1,1,0,0
2023-05-29 18:58:17,1,1,0,0
2023-05-29 19:03:17,1,1,0,0
2023-05-29 19:08:17,1,1,0,0
2023-05-29 19:13:17,1,1,0,0
2023-05-29 19:18:17,1,1,0,0
2023-05-29 19:23:17,1,1,0,0
2023-05-29 19:28:17,1,1,0,0
2023-05-29 19:33:17,1,1,0,0
2023-05-29 19:38:17,1,1,0,0
2023-05-29 19:43:17,1,1,0,0
2023-05-29 19:48:17,1,1,0,0
2023-05-29 19:53:17,1,1,0,0
2023-05-29 19:58:17,1,1,0,0
2023-05-29 20:03:17,1,1,0,0
2023-05-29 20:08:17,1,1,0,0
2023-05-29 20:13:17,1,1,0,0
2023-05-29 20:18:17,1,2,0,0
2023-05-29 20:23:17,1,2,0,0
2023-05-29 20:28:17,1,2,0,0
2023-05-29 20:33:17,1,2,0,0
2023-05-29 20:38:17,1,2,0,0
2023-05-29 20:43:17,1,2,0,0
2023-05-29 20:48:17,2,2,0,0
2023-05-29 20:53:17,2,2,0,0
2023-05-29 20:58:17,2,2,0,0
2023-05-29 21:03:17,2,2,0,0
2023-05-29 21:08:17,2,2,0,0
2023-05-29 21:13:17,2,3,0,0
2023-05-29 21:18:17,2,3,0,0
2023-05-29 21:23:17,2,3,0,0
2023-05-29 21:28:17,2,3,0,0
2023-05-29 21:33:17,2,3,0,0
2023-05-29 21:38:17,2,3,0,0
2023-05-29 21:43:17,2,3,0,0
2023-05-29 21:48:17,2,3,0,0
2023-05-29 21:53:17,2,3,0,0
2023-05-29 21:58:17,2,3,0,0
2023-05-29 22:03:17,3,4,0,0
2023-05-29 22:08:17,3,4,0,0
2023-05-29 22:13:17,3,4,0,0
2023-05-29 22:18:17,3,4,0,0
2023-05-29 22:23:17,3,4,0,0
2023-05-29 22:28:17,3,4,0,0
2023-05-29 22:33:17,3,4,0,0
2023-05-29 22:38:17,3,4,0,0
2023-05-29 22:43:17,3,5,0,0
2023-05-29 22:48:17,3,5,0,0
2023-05-29 22:53:17,3,5,0,0
2023-05-29 22:58:17,3,5,0,0
2023-05-29 23:03:17,4,5,0,0
2023-05-29 23:08:17,4,5,0,0
2023-05-29 23:13:17,4,5,0,0
2023-05-29 23:18:17,4,5,0,0
2023-05-29 23:23:17,4,6,0,0
2023-05-29 23:28:17,4,6,0,0
2023-05-29 23:33:17,4,6,0,0
2023-05-29 23:38:17,4,6,0,0
2023-05-29 23:43:17,4,6,0,0
2023-05-29 23:48:17,4,6,0,0
2023-05-29 23:53:17,4,6,0,0
2023-05-29 23:58:17,4,6,0,0
