ds,servers,candidates
2023-05-19 17:32:50,1,1
2023-05-19 17:37:50,1,1
2023-05-19 17:42:50,1,1
2023-05-19 17:47:50,1,1
2023-05-19 17:52:50,1,1
2023-05-19 17:57:50,1,1
2023-05-19 18:02:50,1,1
2023-05-19 18:07:50,1,1
2023-05-19 18:12:50,1,1
2023-05-19 18:17:50,1,1
2023-05-19 18:22:50,1,1
2023-05-19 18:27:50,1,1
2023-05-19 18:32:50,1,1
2023-05-19 18:37:50,1,1
2023-05-19 18:42:50,1,1
2023-05-19 18:47:50,1,1
2023-05-19 18:52:50,1,1
2023-05-19 18:57:50,1,1
2023-05-19 19:02:50,1,1
2023-05-19 19:07:50,1,1
2023-05-19 19:12:50,1,1
2023-05-19 19:17:50,1,1
2023-05-19 19:22:50,1,1
2023-05-19 19:27:50,1,1
2023-05-19 19:32:50,1,1
2023-05-19 19:37:50,1,1
2023-05-19 19:42:50,1,1
2023-05-19 19:47:50,1,1
2023-05-19 19:52:50,1,1
2023-05-19 19:57:50,1,1
2023-05-19 20:02:50,1,1
2023-05-19 20:07:50,1,1
2023-05-19 20:12:50,1,1
2023-05-19 20:17:50,1,2
2023-05-19 20:22:50,1,2
2023-05-19 20:27:50,1,2
2023-05-19 20:32:50,1,2
2023-05-19 20:37:50,1,2
2023-05-19 20:42:50,1,2
2023-05-19 20:47:50,2,2
2023-05-19 20:52:50,2,2
2023-05-19 20:57:50,2,2
2023-05-19 21:02:50,2,2
2023-05-19 21:07:50,2,2
2023-05-19 21:12:50,2,3
2023-05-19 21:17:50,2,3
2023-05-19 21:22:50,2,3
2023-05-19 21:27:50,2,3
2023-05-19 21:32:50,2,3
2023-05-19 21:37:50,2,3
2023-05-19 21:42:50,2,3
2023-05-19 21:47:50,2,3
2023-05-19 21:52:50,2,3
2023-05-19 21:57:50,2,3
2023-05-19 22:02:50,3,4
2023-05-19 22:07:50,3,4
2023-05-19 22:12:50,3,4
2023-05-19 22:17:50,3,4
2023-05-19 22:22:50,3,4
2023-05-19 22:27:50,3,4
2023-05-19 22:32:50,3,4
2023-05-19 22:37:50,3,4
2023-05-19 22:42:50,3,5
2023-05-19 22:47:50,3,5
2023-05-19 22:52:50,3,5
2023-05-19 22:57:50,3,5
2023-05-19 23:02:50,4,5
2023-05-19 23:07:50,4,5
2023-05-19 23:12:50,4,5
2023-05-19 23:17:50,4,5
2023-05-19 23:22:50,4,6
2023-05-19 23:27:50,4,6
2023-05-19 23:32:50,4,6
2023-05-19 23:37:50,4,6
2023-05-19 23:42:50,4,6
2023-05-19 23:47:50,4,6
2023-05-19 23:52:50,4,6
2023-05-19 23:57:50,4,6
2023-05-20 00:02:50,5,7
2023-05-20 00:07:50,5,7
2023-05-20 00:12:50,5,7
2023-05-20 00:17:50,5,7
2023-05-20 00:22:50,5,7
2023-05-20 00:27:50,5,7
2023-05-20 00:32:50,5,7
2023-05-20 00:37:50,5,7
2023-05-20 00:42:50,5,8
2023-05-20 00:47:50,5,8
2023-05-20 00:52:50,5,8
2023-05-20 00:57:50,5,8
2023-05-20 01:02:50,6,8
2023-05-20 01:07:50,6,8
2023-05-20 01:12:50,6,8
2023-05-20 01:17:50,6,8
2023-05-20 01:22:50,6,9
2023-05-20 01:27:50,6,9
2023-05-20 01:32:50,6,9
2023-05-20 01:37:50,6,9
2023-05-20 01:42:50,6,9
2023-05-20 01:47:50,6,9
2023-05-20 01:52:50,6,9
2023-05-20 01:57:50,6,9
2023-05-20 02:02:50,7,10
2023-05-20 02:07:50,7,10
2023-05-20 02:12:50,7,10
2023-05-20 02:17:50,7,10
2023-05-20 02:22:50,7,10
2023-05-20 02:27:50,7,10
2023-05-20 02:32:50,7,10
2023-05-20 02:37:50,7,10
2023-05-20 02:42:50,7,10
2023-05-20 02:47:50,7,11
2023-05-20 02:52:50,7,11
2023-05-20 02:57:50,7,11
2023-05-20 03:02:50,7,11
2023-05-20 03:07:50,7,11
2023-05-20 03:12:50,7,11
2023-05-20 03:17:50,8,11
2023-05-20 03:22:50,8,11
2023-05-20 03:27:50,8,11
2023-05-20 03:32:50,8,11
2023-05-20 03:37:50,8,11
2023-05-20 03:42:50,8,11
2023-05-20 03:47:50,8,12
2023-05-20 03:52:50,8,12
2023-05-20 03:57:50,8,12
2023-05-20 04:02:50,8,12
2023-05-20 04:07:50,8,12
2023-05-20 04:12:50,8,12
2023-05-20 04:17:50,8,12
2023-05-20 04:22:50,8,12
2023-05-20 04:27:50,8,12
2023-05-20 04:32:50,8,12
2023-05-20 04:37:50,8,12
2023-05-20 04:42:50,8,12
2023-05-20 04:47:50,8,12
2023-05-20 04:52:50,8,12
2023-05-20 04:57:50,8,12
2023-05-20 05:02:50,8,12
2023-05-20 05:07:50,8,12
2023-05-20 05:12:50,8,12
2023-05-20 05:17:50,8,12
2023-05-20 05:22:50,8,12
2023-05-20 05:27:50,8,12
2023-05-20 05:32:50,8,12
2023-05-20 05:37:50,8,12
2023-05-20 05:42:50,8,12
2023-05-20 05:47:50,8,12
2023-05-20 05:52:50,8,12
2023-05-20 05:57:50,8,12
2023-05-20 06:02:50,8,12
2023-05-20 06:07:50,8,12
2023-05-20 06:12:50,8,12
2023-05-20 06:17:50,8,12
2023-05-20 06:22:50,8,12
2023-05-20 06:27:50,8,12
2023-05-20 06:32:50,8,12
2023-05-20 06:37:50,8,12
2023-05-20 06:42:50,8,12
2023-05-20 06:47:50,8,12
2023-05-20 06:52:50,8,12
2023-05-20 06:57:50,8,12
2023-05-20 07:02:50,8,12
2023-05-20 07:07:50,8,12
2023-05-20 07:12:50,8,12
2023-05-20 07:17:50,8,12
2023-05-20 07:22:50,8,12
2023-05-20 07:27:50,8,12
2023-05-20 07:32:50,8,12
2023-05-20 07:37:50,8,12
2023-05-20 07:42:50,8,12
2023-05-20 07:47:50,8,12
2023-05-20 07:52:50,8,12
2023-05-20 07:57:50,8,12
2023-05-20 08:02:50,8,12
2023-05-20 08:07:50,8,12
2023-05-20 08:12:50,8,12
2023-05-20 08:17:50,8,11
2023-05-20 08:22:50,8,11
2023-05-20 08:27:50,8,11
2023-05-20 08:32:50,8,11
2023-05-20 08:37:50,8,11
2023-05-20 08:42:50,8,11
2023-05-20 08:47:50,7,11
2023-05-20 08:52:50,7,11
2023-05-20 08:57:50,7,11
2023-05-20 09:02:50,7,11
2023-05-20 09:07:50,7,11
2023-05-20 09:12:50,7,10
2023-05-20 09:17:50,7,10
2023-05-20 09:22:50,7,10
2023-05-20 09:27:50,7,10
2023-05-20 09:32:50,7,10
2023-05-20 09:37:50,7,10
2023-05-20 09:42:50,7,10
2023-05-20 09:47:50,7,10
2023-05-20 09:52:50,7,10
2023-05-20 09:57:50,7,10
2023-05-20 10:02:50,6,9
2023-05-20 10:07:50,6,9
2023-05-20 10:12:50,6,9
2023-05-20 10:17:50,6,9
2023-05-20 10:22:50,6,9
2023-05-20 10:27:50,6,9
2023-05-20 10:32:50,6,9
2023-05-20 10:37:50,6,9
2023-05-20 10:42:50,6,8
2023-05-20 10:47:50,6,8
2023-05-20 10:52:50,6,8
2023-05-20 10:57:50,6,8
2023-05-20 11:02:50,5,8
2023-05-20 11:07:50,5,8
2023-05-20 11:12:50,5,8
2023-05-20 11:17:50,5,8
2023-05-20 11:22:50,5,7
2023-05-20 11:27:50,5,7
2023-05-20 11:32:50,5,7
2023-05-20 11:37:50,5,7
2023-05-20 11:42:50,5,7
2023-05-20 11:47:50,5,7
2023-05-20 11:52:50,5,7
2023-05-20 11:57:50,5,7
2023-05-20 12:02:50,4,6
2023-05-20 12:07:50,4,6
2023-05-20 12:12:50,4,6
2023-05-20 12:17:50,4,6
2023-05-20 12:22:50,4,6
2023-05-20 12:27:50,4,6
2023-05-20 12:32:50,4,6
2023-05-20 12:37:50,4,6
2023-05-20 12:42:50,4,5
2023-05-20 12:47:50,4,5
2023-05-20 12:52:50,4,5
2023-05-20 12:57:50,4,5
2023-05-20 13:02:50,3,5
2023-05-20 13:07:50,3,5
2023-05-20 13:12:50,3,5
2023-05-20 13:17:50,3,5
2023-05-20 13:22:50,3,4
2023-05-20 13:27:50,3,4
2023-05-20 13:32:50,3,4
2023-05-20 13:37:50,3,4
2023-05-20 13:42:50,3,4
2023-05-20 13:47:50,3,4
2023-05-20 13:52:50,3,4
2023-05-20 13:57:50,3,4
2023-05-20 14:02:50,2,3
2023-05-20 14:07:50,2,3
2023-05-20 14:12:50,2,3
2023-05-20 14:17:50,2,3
2023-05-20 14:22:50,2,3
2023-05-20 14:27:50,2,3
2023-05-20 14:32:50,2,3
2023-05-20 14:37:50,2,3
2023-05-20 14:42:50,2,3
2023-05-20 14:47:50,2,2
2023-05-20 14:52:50,2,2
2023-05-20 14:57:50,2,2
2023-05-20 15:02:50,2,2
2023-05-20 15:07:50,2,2
2023-05-20 15:12:50,2,2
2023-05-20 15:17:50,1,2
2023-05-20 15:22:50,1,2
2023-05-20 15:27:50,1,2
2023-05-20 15:32:50,1,2
2023-05-20 15:37:50,1,2
2023-05-20 15:42:50,1,2
2023-05-20 15:47:50,1,1
2023-05-20 15:52:50,1,1
2023-05-20 15:57:50,1,1
2023-05-20 16:02:50,1,1
2023-05-20 16:07:50,1,1
2023-05-20 16:12:50,1,1
2023-05-20 16:17:50,1,1
2023-05-20 16:22:50,1,1
2023-05-20 16:27:50,1,1
2023-05-20 16:32:50,1,1
2023-05-20 16:37:50,1,1
2023-05-20 16:42:50,1,1
2023-05-20 16:47:50,1,1
2023-05-20 16:52:50,1,1
2023-05-20 16:57:50,1,1
2023-05-20 17:02:50,1,1
2023-05-20 17:07:50,1,1
2023-05-20 17:12:50,1,1
2023-05-20 17:17:50,1,1
2023-05-20 17:22:50,1,1
2023-05-20 17:27:50,1,1
2023-05-20 17:32:50,1,1
2023-05-20 17:37:50,1,1
2023-05-20 17:42:50,1,1
2023-05-20 17:47:50,1,1
2023-05-20 17:52:50,1,1
2023-05-20 17:57:50,1,1
2023-05-20 18:02:50,1,1
2023-05-20 18:07:50,1,1
2023-05-20 18:12:50,1,1
2023-05-20 18:17:50,1,1
2023-05-20 18:22:50,1,1
2023-05-20 18:27:50,1,1
2023-05-20 18:32:50,1,1
2023-05-20 18:37:50,1,1
2023-05-20 18:42:50,1,1
2023-05-20 18:47:50,1,1
2023-05-20 18:52:50,1,1
2023-05-20 18:57:50,1,1
2023-05-20 19:02:50,1,1
2023-05-20 19:07:50,1,1
2023-05-20 19:12:50,1,1
2023-05-20 19:17:50,1,1
2023-05-20 19:22:50,1,1
2023-05-20 19:27:50,1,1
2023-05-20 19:32:50,1,1
2023-05-20 19:37:50,1,1
2023-05-20 19:42:50,1,1
2023-05-20 19:47:50,1,1
2023-05-20 19:52:50,1,1
2023-05-20 19:57:50,1,1
2023-05-20 20:02:50,1,1
2023-05-20 20:07:50,1,1
2023-05-20 20:12:50,1,1
2023-05-20 20:17:50,1,2
2023-05-20 20:22:50,1,2
2023-05-20 20:27:50,1,2
2023-05-20 20:32:50,1,2
2023-05-20 20:37:50,1,2
2023-05-20 20:42:50,1,2
2023-05-20 20:47:50,2,2
2023-05-20 20:52:50,2,2
2023-05-20 20:57:50,2,2
2023-05-20 21:02:50,2,2
2023-05-20 21:07:50,2,2
2023-05-20 21:12:50,2,3
2023-05-20 21:17:50,2,3
2023-05-20 21:22:50,2,3
2023-05-20 21:27:50,2,3
2023-05-20 21:32:50,2,3
2023-05-20 21:37:50,2,3
2023-05-20 21:42:50,2,3
2023-05-20 21:47:50,2,3
2023-05-20 21:52:50,2,3
2023-05-20 21:57:50,2,3
2023-05-20 22:02:50,3,4
2023-05-20 22:07:50,3,4
2023-05-20 22:12:50,3,4
2023-05-20 22:17:50,3,4
2023-05-20 22:22:50,3,4
2023-05-20 22:27:50,3,4
2023-05-20 22:32:50,3,4
2023-05-20 22:37:50,3,4
2023-05-20 22:42:50,3,5
2023-05-20 22:47:50,3,5
2023-05-20 22:52:50,3,5
2023-05-20 22:57:50,3,5
2023-05-20 23:02:50,4,5
2023-05-20 23:07:50,4,5
2023-05-20 23:12:50,4,5
2023-05-20 23:17:50,4,5
2023-05-20 23:22:50,4,6
2023-05-20 23:27:50,4,6
2023-05-20 23:32:50,4,6
2023-05-20 23:37:50,4,6
2023-05-20 23:42:50,4,6
2023-05-20 23:47:50,4,6
2023-05-20 23:52:50,4,6
2023-05-20 23:57:50,4,6
2023-05-21 00:02:50,5,7
2023-05-21 00:07:50,5,7
2023-05-21 00:12:50,5,7
2023-05-21 00:17:50,5,7
2023-05-21 00:22:50,5,7
2023-05-21 00:27:50,5,7
2023-05-21 00:32:50,5,7
2023-05-21 00:37:50,5,7
2023-05-21 00:42:50,5,8
2023-05-21 00:47:50,5,8
2023-05-21 00:52:50,5,8
2023-05-21 00:57:50,5,8
2023-05-21 01:02:50,6,8
2023-05-21 01:07:50,6,8
2023-05-21 01:12:50,6,8
2023-05-21 01:17:50,6,8
2023-05-21 01:22:50,6,9
2023-05-21 01:27:50,6,9
2023-05-21 01:32:50,6,9
2023-05-21 01:37:50,6,9
2023-05-21 01:42:50,6,9
2023-05-21 01:47:50,6,9
2023-05-21 01:52:50,6,9
2023-05-21 01:57:50,6,9
2023-05-21 02:02:50,7,10
2023-05-21 02:07:50,7,10
2023-05-21 02:12:50,7,10
2023-05-21 02:17:50,7,10
2023-05-21 02:22:50,7,10
2023-05-21 02:27:50,7,10
2023-05-21 02:32:50,7,10
2023-05-21 02:37:50,7,10
2023-05-21 02:42:50,7,10
2023-05-21 02:47:50,7,11
2023-05-21 02:52:50,7,11
2023-05-21 02:57:50,7,11
2023-05-21 03:02:50,7,11
2023-05-21 03:07:50,7,11
2023-05-21 03:12:50,7,11
2023-05-21 03:17:50,8,11
2023-05-21 03:22:50,8,11
2023-05-21 03:27:50,8,11
2023-05-21 03:32:50,8,11
2023-05-21 03:37:50,8,11
2023-05-21 03:42:50,8,11
2023-05-21 03:47:50,8,12
2023-05-21 03:52:50,8,12
2023-05-21 03:57:50,8,12
2023-05-21 04:02:50,8,12
2023-05-21 04:07:50,8,12
2023-05-21 04:12:50,8,12
2023-05-21 04:17:50,8,12
2023-05-21 04:22:50,8,12
2023-05-21 04:27:50,8,12
2023-05-21 04:32:50,8,12
2023-05-21 04:37:50,8,12
2023-05-21 04:42:50,8,12
2023-05-21 04:47:50,8,12
2023-05-21 04:52:50,8,12
2023-05-21 04:57:50,8,12
2023-05-21 05:02:50,8,12
2023-05-21 05:07:50,8,12
2023-05-21 05:12:50,8,12
2023-05-21 05:17:50,8,12
2023-05-21 05:22:50,8,12
2023-05-21 05:27:50,8,12
2023-05-21 05:32:50,8,12
2023-05-21 05:37:50,8,12
2023-05-21 05:42:50,8,12
2023-05-21 05:47:50,8,12
2023-05-21 05:52:50,8,12
2023-05-21 05:57:50,8,12
2023-05-21 06:02:50,8,12
2023-05-21 06:07:50,8,12
2023-05-21 06:12:50,8,12
2023-05-21 06:17:50,8,12
2023-05-21 06:22:50,8,12
2023-05-21 06:27:50,8,12
2023-05-21 06:32:50,8,12
2023-05-21 06:37:50,8,12
2023-05-21 06:42:50,8,12
2023-05-21 06:47:50,8,12
2023-05-21 06:52:50,8,12
2023-05-21 06:57:50,8,12
2023-05-21 07:02:50,8,12
2023-05-21 07:07:50,8,12
2023-05-21 07:12:50,8,12
2023-05-21 07:17:50,8,12
2023-05-21 07:22:50,8,12
2023-05-21 07:27:50,8,12
2023-05-21 07:32:50,8,12
2023-05-21 07:37:50,8,12
2023-05-21 07:42:50,8,12
2023-05-21 07:47:50,8,12
2023-05-21 07:52:50,8,12
2023-05-21 07:57:50,8,12
2023-05-21 08:02:50,8,12
2023-05-21 08:07:50,8,12
2023-05-21 08:12:50,8,12
2023-05-21 08:17:50,8,11
2023-05-21 08:22:50,8,11
2023-05-21 08:27:50,8,11
2023-05-21 08:32:50,8,11
2023-05-21 08:37:50,8,11
2023-05-21 08:42:50,8,11
2023-05-21 08:47:50,7,11
2023-05-21 08:52:50,7,11
2023-05-21 08:57:50,7,11
2023-05-21 09:02:50,7,11
2023-05-21 09:07:50,7,11
2023-05-21 09:12:50,7,10
2023-05-21 09:17:50,7,10
2023-05-21 09:22:50,7,10
2023-05-21 09:27:50,7,10
2023-05-21 09:32:50,7,10
2023-05-21 09:37:50,7,10
2023-05-21 09:42:50,7,10
2023-05-21 09:47:50,7,10
2023-05-21 09:52:50,7,10
2023-05-21 09:57:50,7,10
2023-05-21 10:02:50,6,9
2023-05-21 10:07:50,6,9
2023-05-21 10:12:50,6,9
2023-05-21 10:17:50,6,9
2023-05-21 10:22:50,6,9
2023-05-21 10:27:50,6,9
2023-05-21 10:32:50,6,9
2023-05-21 10:37:50,6,9
2023-05-21 10:42:50,6,8
2023-05-21 10:47:50,6,8
2023-05-21 10:52:50,6,8
2023-05-21 10:57:50,6,8
2023-05-21 11:02:50,5,8
2023-05-21 11:07:50,5,8
2023-05-21 11:12:50,5,8
2023-05-21 11:17:50,5,8
2023-05-21 11:22:50,5,7
2023-05-21 11:27:50,5,7
2023-05-21 11:32:50,5,7
2023-05-21 11:37:50,5,7
2023-05-21 11:42:50,5,7
2023-05-21 11:47:50,5,7
2023-05-21 11:52:50,5,7
2023-05-21 11:57:50,5,7
2023-05-21 12:02:50,4,6
2023-05-21 12:07:50,4,6
2023-05-21 12:12:50,4,6
2023-05-21 12:17:50,4,6
2023-05-21 12:22:50,4,6
2023-05-21 12:27:50,4,6
2023-05-21 12:32:50,4,6
2023-05-21 12:37:50,4,6
2023-05-21 12:42:50,4,5
2023-05-21 12:47:50,4,5
2023-05-21 12:52:50,4,5
2023-05-21 12:57:50,4,5
2023-05-21 13:02:50,3,5
2023-05-21 13:07:50,3,5
2023-05-21 13:12:50,3,5
2023-05-21 13:17:50,3,5
2023-05-21 13:22:50,3,4
2023-05-21 13:27:50,3,4
2023-05-21 13:32:50,3,4
2023-05-21 13:37:50,3,4
2023-05-21 13:42:50,3,4
2023-05-21 13:47:50,3,4
2023-05-21 13:52:50,3,4
2023-05-21 13:57:50,3,4
2023-05-21 14:02:50,2,3
2023-05-21 14:07:50,2,3
2023-05-21 14:12:50,2,3
2023-05-21 14:17:50,2,3
2023-05-21 14:22:50,2,3
2023-05-21 14:27:50,2,3
2023-05-21 14:32:50,2,3
2023-05-21 14:37:50,2,3
2023-05-21 14:42:50,2,3
2023-05-21 14:47:50,2,2
2023-05-21 14:52:50,2,2
2023-05-21 14:57:50,2,2
2023-05-21 15:02:50,2,2
2023-05-21 15:07:50,2,2
2023-05-21 15:12:50,2,2
2023-05-21 15:17:50,1,2
2023-05-21 15:22:50,1,2
2023-05-21 15:27:50,1,2
2023-05-21 15:32:50,1,2
2023-05-21 15:37:50,1,2
2023-05-21 15:42:50,1,2
2023-05-21 15:47:50,1,1
2023-05-21 15:52:50,1,1
2023-05-21 15:57:50,1,1
2023-05-21 16:02:50,1,1
2023-05-21 16:07:50,1,1
2023-05-21 16:12:50,1,1
2023-05-21 16:17:50,1,1
2023-05-21 16:22:50,1,1
2023-05-21 16:27:50,1,1
2023-05-21 16:32:50,1,1
2023-05-21 16:37:50,1,1
2023-05-21 16:42:50,1,1
2023-05-21 16:47:50,1,1
2023-05-21 16:52:50,1,1
2023-05-21 16:57:50,1,1
2023-05-21 17:02:50,1,1
2023-05-21 17:07:50,1,1
2023-05-21 17:12:50,1,1
2023-05-21 17:17:50,1,1
2023-05-21 17:22:50,1,1
2023-05-21 17:27:50,1,1
2023-05-21 17:32:50,1,1
2023-05-21 17:37:50,1,1
2023-05-21 17:42:50,1,1
2023-05-21 17:47:50,1,1
2023-05-21 17:52:50,1,1
2023-05-21 17:57:50,1,1
2023-05-21 18:02:50,1,1
2023-05-21 18:07:50,1,1
2023-05-21 18:12:50,1,1
2023-05-21 18:17:50,1,1
2023-05-21 18:22:50,1,1
2023-05-21 18:27:50,1,1
2023-05-21 18:32:50,1,1
2023-05-21 18:37:50,1,1
2023-05-21 18:42:50,1,1
2023-05-21 18:47:50,1,1
2023-05-21 18:52:50,1,1
2023-05-21 18:57:50,1,1
2023-05-21 19:02:50,1,1
2023-05-21 19:07:50,1,1
2023-05-21 19:12:50,1,1
2023-05-21 19:17:50,1,1
2023-05-21 19:22:50,1,1
2023-05-21 19:27:50,1,1
2023-05-21 19:32:50,1,1
2023-05-21 19:37:50,1,1
2023-05-21 19:42:50,1,1
2023-05-21 19:47:50,1,1
2023-05-21 19:52:50,1,1
2023-05-21 19:57:50,1,1
2023-05-21 20:02:50,1,1
2023-05-21 20:07:50,1,1
2023-05-21 20:12:50,1,1
2023-05-21 20:17:50,1,2
2023-05-21 20:22:50,1,2
2023-05-21 20:27:50,1,2
2023-05-21 20:32:50,1,2
2023-05-21 20:37:50,1,2
2023-05-21 20:42:50,1,2
2023-05-21 20:47:50,2,2
2023-05-21 20:52:50,2,2
2023-05-21 20:57:50,2,2
2023-05-21 21:02:50,2,2
2023-05-21 21:07:50,2,2
2023-05-21 21:12:50,2,3
2023-05-21 21:17:50,2,3
2023-05-21 21:22:50,2,3
2023-05-21 21:27:50,2,3
2023-05-21 21:32:50,2,3
2023-05-21 21:37:50,2,3
2023-05-21 21:42:50,2,3
2023-05-21 21:47:50,2,3
2023-05-21 21:52:50,2,3
2023-05-21 21:57:50,2,3
2023-05-21 22:02:50,3,4
2023-05-21 22:07:50,3,4
2023-05-21 22:12:50,3,4
2023-05-21 22:17:50,3,4
2023-05-21 22:22:50,3,4
2023-05-21 22:27:50,3,4
2023-05-21 22:32:50,3,4
2023-05-21 22:37:50,3,4
2023-05-21 22:42:50,3,5
2023-05-21 22:47:50,3,5
2023-05-21 22:52:50,3,5
2023-05-21 22:57:50,3,5
2023-05-21 23:02:50,4,5
2023-05-21 23:07:50,4,5
2023-05-21 23:12:50,4,5
2023-05-21 23:17:50,4,5
2023-05-21 23:22:50,4,6
2023-05-21 23:27:50,4,6
2023-05-21 23:32:50,4,6
2023-05-21 23:37:50,4,6
2023-05-21 23:42:50,4,6
2023-05-21 23:47:50,4,6
2023-05-21 23:52:50,4,6
2023-05-21 23:57:50,4,6
2023-05-22 00:02:50,5,7
2023-05-22 00:07:50,5,7
2023-05-22 00:12:50,5,7
2023-05-22 00:17:50,5,7
2023-05-22 00:22:50,5,7
2023-05-22 00:27:50,5,7
2023-05-22 00:32:50,5,7
2023-05-22 00:37:50,5,7
2023-05-22 00:42:50,5,8
2023-05-22 00:47:50,5,8
2023-05-22 00:52:50,5,8
2023-05-22 00:57:50,5,8
2023-05-22 01:02:50,6,8
2023-05-22 01:07:50,6,8
2023-05-22 01:12:50,6,8
2023-05-22 01:17:50,6,8
2023-05-22 01:22:50,6,9
2023-05-22 01:27:50,6,9
2023-05-22 01:32:50,6,9
2023-05-22 01:37:50,6,9
2023-05-22 01:42:50,6,9
2023-05-22 01:47:50,6,9
2023-05-22 01:52:50,6,9
2023-05-22 01:57:50,6,9
2023-05-22 02:02:50,7,10
2023-05-22 02:07:50,7,10
2023-05-22 02:12:50,7,10
2023-05-22 02:17:50,7,10
2023-05-22 02:22:50,7,10
2023-05-22 02:27:50,7,10
2023-05-22 02:32:50,7,10
2023-05-22 02:37:50,7,10
2023-05-22 02:42:50,7,10
2023-05-22 02:47:50,7,11
2023-05-22 02:52:50,7,11
2023-05-22 02:57:50,7,11
2023-05-22 03:02:50,7,11
2023-05-22 03:07:50,7,11
2023-05-22 03:12:50,7,11
2023-05-22 03:17:50,8,11
2023-05-22 03:22:50,8,11
2023-05-22 03:27:50,8,11
2023-05-22 03:32:50,8,11
2023-05-22 03:37:50,8,11
2023-05-22 03:42:50,8,11
2023-05-22 03:47:50,8,12
2023-05-22 03:52:50,8,12
2023-05-22 03:57:50,8,12
2023-05-22 04:02:50,8,12
2023-05-22 04:07:50,8,12
2023-05-22 04:12:50,8,12
2023-05-22 04:17:50,8,12
2023-05-22 04:22:50,8,12
2023-05-22 04:27:50,8,12
2023-05-22 04:32:50,8,12
2023-05-22 04:37:50,8,12
2023-05-22 04:42:50,8,12
2023-05-22 04:47:50,8,12
2023-05-22 04:52:50,8,12
2023-05-22 04:57:50,8,12
2023-05-22 05:02:50,8,12
2023-05-22 05:07:50,8,12
2023-05-22 05:12:50,8,12
2023-05-22 05:17:50,8,12
2023-05-22 05:22:50,8,12
2023-05-22 05:27:50,8,12
2023-05-22 05:32:50,8,12
2023-05-22 05:37:50,8,12
2023-05-22 05:42:50,8,12
2023-05-22 05:47:50,8,12
2023-05-22 05:52:50,8,12
2023-05-22 05:57:50,8,12
2023-05-22 06:02:50,8,12
2023-05-22 06:07:50,8,12
2023-05-22 06:12:50,8,12
2023-05-22 06:17:50,8,12
2023-05-22 06:22:50,8,12
2023-05-22 06:27:50,8,12
2023-05-22 06:32:50,8,12
2023-05-22 06:37:50,8,12
2023-05-22 06:42:50,8,12
2023-05-22 06:47:50,8,12
2023-05-22 06:52:50,8,12
2023-05-22 06:57:50,8,12
2023-05-22 07:02:50,8,12
2023-05-22 07:07:50,8,12
2023-05-22 07:12:50,8,12
2023-05-22 07:17:50,8,12
2023-05-22 07:22:50,8,12
2023-05-22 07:27:50,8,12
2023-05-22 07:32:50,8,12
2023-05-22 07:37:50,8,12
2023-05-22 07:42:50,8,12
2023-05-22 07:47:50,8,12
2023-05-22 07:52:50,8,12
2023-05-22 07:57:50,8,12
2023-05-22 08:02:50,8,12
2023-05-22 08:07:50,8,12
2023-05-22 08:12:50,8,12
2023-05-22 08:17:50,8,11
2023-05-22 08:22:50,8,11
2023-05-22 08:27:50,8,11
2023-05-22 08:32:50,8,11
2023-05-22 08:37:50,8,11
2023-05-22 08:42:50,8,11
2023-05-22 08:47:50,7,11
2023-05-22 08:52:50,7,11
2023-05-22 08:57:50,7,11
2023-05-22 09:02:50,7,11
2023-05-22 09:07:50,7,11
2023-05-22 09:12:50,7,10
2023-05-22 09:17:50,7,10
2023-05-22 09:22:50,7,10
2023-05-22 09:27:50,7,10
2023-05-22 09:32:50,7,10
2023-05-22 09:37:50,7,10
2023-05-22 09:42:50,7,10
2023-05-22 09:47:50,7,10
2023-05-22 09:52:50,7,10
2023-05-22 09:57:50,7,10
2023-05-22 10:02:50,6,9
2023-05-22 10:07:50,6,9
2023-05-22 10:12:50,6,9
2023-05-22 10:17:50,6,9
2023-05-22 10:22:50,6,9
2023-05-22 10:27:50,6,9
2023-05-22 10:32:50,6,9
2023-05-22 10:37:50,6,9
2023-05-22 10:42:50,6,8
2023-05-22 10:47:50,6,8
2023-05-22 10:52:50,6,8
2023-05-22 10:57:50,6,8
2023-05-22 11:02:50,5,8
2023-05-22 11:07:50,5,8
2023-05-22 11:12:50,5,8
2023-05-22 11:17:50,5,8
2023-05-22 11:22:50,5,7
2023-05-22 11:27:50,5,7
2023-05-22 11:32:50,5,7
2023-05-22 11:37:50,5,7
2023-05-22 11:42:50,5,7
2023-05-22 11:47:50,5,7
2023-05-22 11:52:50,5,7
2023-05-22 11:57:50,5,7
2023-05-22 12:02:50,4,6
2023-05-22 12:07:50,4,6
2023-05-22 12:12:50,4,6
2023-05-22 12:17:50,4,6
2023-05-22 12:22:50,4,6
2023-05-22 12:27:50,4,6
2023-05-22 12:32:50,4,6
2023-05-22 12:37:50,4,6
2023-05-22 12:42:50,4,5
2023-05-22 12:47:50,4,5
2023-05-22 12:52:50,4,5
2023-05-22 12:57:50,4,5
2023-05-22 13:02:50,3,5
2023-05-22 13:07:50,3,5
2023-05-22 13:12:50,3,5
2023-05-22 13:17:50,3,5
2023-05-22 13:22:50,3,4
2023-05-22 13:27:50,3,4
2023-05-22 13:32:50,3,4
2023-05-22 13:37:50,3,4
2023-05-22 13:42:50,3,4
2023-05-22 13:47:50,3,4
2023-05-22 13:52:50,3,4
2023-05-22 13:57:50,3,4
2023-05-22 14:02:50,2,3
2023-05-22 14:07:50,2,3
2023-05-22 14:12:50,2,3
2023-05-22 14:17:50,2,3
2023-05-22 14:22:50,2,3
2023-05-22 14:27:50,2,3
2023-05-22 14:32:50,2,3
2023-05-22 14:37:50,2,3
2023-05-22 14:42:50,2,3
2023-05-22 14:47:50,2,2
2023-05-22 14:52:50,2,2
2023-05-22 14:57:50,2,2
2023-05-22 15:02:50,2,2
2023-05-22 15:07:50,2,2
2023-05-22 15:12:50,2,2
2023-05-22 15:17:50,1,2
2023-05-22 15:22:50,1,2
2023-05-22 15:27:50,1,2
2023-05-22 15:32:50,1,2
2023-05-22 15:37:50,1,2
2023-05-22 15:42:50,1,2
2023-05-22 15:47:50,1,1
2023-05-22 15:52:50,1,1
2023-05-22 15:57:50,1,1
2023-05-22 16:02:50,1,1
2023-05-22 16:07:50,1,1
2023-05-22 16:12:50,1,1
2023-05-22 16:17:50,1,1
2023-05-22 16:22:50,1,1
2023-05-22 16:27:50,1,1
2023-05-22 16:32:50,1,1
2023-05-22 16:37:50,1,1
2023-05-22 16:42:50,1,1
2023-05-22 16:47:50,1,1
2023-05-22 16:52:50,1,1
2023-05-22 16:57:50,1,1
2023-05-22 17:02:50,1,1
2023-05-22 17:07:50,1,1
2023-05-22 17:12:50,1,1
2023-05-22 17:17:50,1,1
2023-05-22 17:22:50,1,1
2023-05-22 17:27:50,1,1
2023-05-22 17:32:50,1,1
2023-05-22 17:37:50,1,1
2023-05-22 17:42:50,1,1
2023-05-22 17:47:50,1,1
2023-05-22 17:52:50,1,1
2023-05-22 17:57:50,1,1
2023-05-22 18:02:50,1,1
2023-05-22 18:07:50,1,1
2023-05-22 18:12:50,1,1
2023-05-22 18:17:50,1,1
2023-05-22 18:22:50,1,1
2023-05-22 18:27:50,1,1
2023-05-22 18:32:50,1,1
2023-05-22 18:37:50,1,1
2023-05-22 18:42:50,1,1
2023-05-22 18:47:50,1,1
2023-05-22 18:52:50,1,1
2023-05-22 18:57:50,1,1
2023-05-22 19:02:50,1,1
2023-05-22 19:07:50,1,1
2023-05-22 19:12:50,1,1
2023-05-22 19:17:50,1,1
2023-05-22 19:22:50,1,1
2023-05-22 19:27:50,1,1
2023-05-22 19:32:50,1,1
2023-05-22 19:37:50,1,1
2023-05-22 19:42:50,1,1
2023-05-22 19:47:50,1,1
2023-05-22 19:52:50,1,1
2023-05-22 19:57:50,1,1
2023-05-22 20:02:50,1,1
2023-05-22 20:07:50,1,1
2023-05-22 20:12:50,1,1
2023-05-22 20:17:50,1,2
2023-05-22 20:22:50,1,2
2023-05-22 20:27:50,1,2
2023-05-22 20:32:50,1,2
2023-05-22 20:37:50,1,2
2023-05-22 20:42:50,1,2
2023-05-22 20:47:50,2,2
2023-05-22 20:52:50,2,2
2023-05-22 20:57:50,2,2
2023-05-22 21:02:50,2,2
2023-05-22 21:07:50,2,2
2023-05-22 21:12:50,2,3
2023-05-22 21:17:50,2,3
2023-05-22 21:22:50,2,3
2023-05-22 21:27:50,2,3
2023-05-22 21:32:50,2,3
2023-05-22 21:37:50,2,3
2023-05-22 21:42:50,2,3
2023-05-22 21:47:50,2,3
2023-05-22 21:52:50,2,3
2023-05-22 21:57:50,2,3
2023-05-22 22:02:50,3,4
2023-05-22 22:07:50,3,4
2023-05-22 22:12:50,3,4
2023-05-22 22:17:50,3,4
2023-05-22 22:22:50,3,4
2023-05-22 22:27:50,3,4
2023-05-22 22:32:50,3,4
2023-05-22 22:37:50,3,4
2023-05-22 22:42:50,3,5
2023-05-22 22:47:50,3,5
2023-05-22 22:52:50,3,5
2023-05-22 22:57:50,3,5
2023-05-22 23:02:50,4,5
2023-05-22 23:07:50,4,5
2023-05-22 23:12:50,4,5
2023-05-22 23:17:50,4,5
2023-05-22 23:22:50,4,6
2023-05-22 23:27:50,4,6
2023-05-22 23:32:50,4,6
2023-05-22 23:37:50,4,6
2023-05-22 23:42:50,4,6
2023-05-22 23:47:50,4,6
2023-05-22 23:52:50,4,6
2023-05-22 23:57:50,4,6
2023-05-23 00:02:50,5,7
2023-05-23 00:07:50,5,7
2023-05-23 00:12:50,5,7
2023-05-23 00:17:50,5,7
2023-05-23 00:22:50,5,7
2023-05-23 00:27:50,5,7
2023-05-23 00:32:50,5,7
2023-05-23 00:37:50,5,7
2023-05-23 00:42:50,5,8
2023-05-23 00:47:50,5,8
2023-05-23 00:52:50,5,8
2023-05-23 00:57:50,5,8
2023-05-23 01:02:50,6,8
2023-05-23 01:07:50,6,8
2023-05-23 01:12:50,6,8
2023-05-23 01:17:50,6,8
2023-05-23 01:22:50,6,9
2023-05-23 01:27:50,6,9
2023-05-23 01:32:50,6,9
2023-05-23 01:37:50,6,9
2023-05-23 01:42:50,6,9
2023-05-23 01:47:50,6,9
2023-05-23 01:52:50,6,9
2023-05-23 01:57:50,6,9
2023-05-23 02:02:50,7,10
2023-05-23 02:07:50,7,10
2023-05-23 02:12:50,7,10
2023-05-23 02:17:50,7,10
2023-05-23 02:22:50,7,10
2023-05-23 02:27:50,7,10
2023-05-23 02:32:50,7,10
2023-05-23 02:37:50,7,10
2023-05-23 02:42:50,7,10
2023-05-23 02:47:50,7,11
2023-05-23 02:52:50,7,11
2023-05-23 02:57:50,7,11
2023-05-23 03:02:50,7,11
2023-05-23 03:07:50,7,11
2023-05-23 03:12:50,7,11
2023-05-23 03:17:50,8,11
2023-05-23 03:22:50,8,11
2023-05-23 03:27:50,8,11
2023-05-23 03:32:50,8,11
2023-05-23 03:37:50,8,11
2023-05-23 03:42:50,8,11
2023-05-23 03:47:50,8,12
2023-05-23 03:52:50,8,12
2023-05-23 03:57:50,8,12
2023-05-23 04:02:50,8,12
2023-05-23 04:07:50,8,12
2023-05-23 04:12:50,8,12
2023-05-23 04:17:50,8,12
2023-05-23 04:22:50,8,12
2023-05-23 04:27:50,8,12
2023-05-23 04:32:50,8,12
2023-05-23 04:37:50,8,12
2023-05-23 04:42:50,8,12
2023-05-23 04:47:50,8,12
2023-05-23 04:52:50,8,12
2023-05-23 04:57:50,8,12
2023-05-23 05:02:50,8,12
2023-05-23 05:07:50,8,12
2023-05-23 05:12:50,8,12
2023-05-23 05:17:50,8,12
2023-05-23 05:22:50,8,12
2023-05-23 05:27:50,8,12
2023-05-23 05:32:50,8,12
2023-05-23 05:37:50,8,12
2023-05-23 05:42:50,8,12
2023-05-23 05:47:50,8,12
2023-05-23 05:52:50,8,12
2023-05-23 05:57:50,8,12
2023-05-23 06:02:50,8,12
2023-05-23 06:07:50,8,12
2023-05-23 06:12:50,8,12
2023-05-23 06:17:50,8,12
2023-05-23 06:22:50,8,12
2023-05-23 06:27:50,8,12
2023-05-23 06:32:50,8,12
2023-05-23 06:37:50,8,12
2023-05-23 06:42:50,8,12
2023-05-23 06:47:50,8,12
2023-05-23 06:52:50,8,12
2023-05-23 06:57:50,8,12
2023-05-23 07:02:50,8,12
2023-05-23 07:07:50,8,12
2023-05-23 07:12:50,8,12
2023-05-23 07:17:50,8,12
2023-05-23 07:22:50,8,12
2023-05-23 07:27:50,8,12
2023-05-23 07:32:50,8,12
2023-05-23 07:37:50,8,12
2023-05-23 07:42:50,8,12
2023-05-23 07:47:50,8,12
2023-05-23 07:52:50,8,12
2023-05-23 07:57:50,8,12
2023-05-23 08:02:50,8,12
2023-05-23 08:07:50,8,12
2023-05-23 08:12:50,8,12
2023-05-23 08:17:50,8,11
2023-05-23 08:22:50,8,11
2023-05-23 08:27:50,8,11
2023-05-23 08:32:50,8,11
2023-05-23 08:37:50,8,11
2023-05-23 08:42:50,8,11
2023-05-23 08:47:50,7,11
2023-05-23 08:52:50,7,11
2023-05-23 08:57:50,7,11
2023-05-23 09:02:50,7,11
2023-05-23 09:07:50,7,11
2023-05-23 09:12:50,7,10
2023-05-23 09:17:50,7,10
2023-05-23 09:22:50,7,10
2023-05-23 09:27:50,7,10
2023-05-23 09:32:50,7,10
2023-05-23 09:37:50,7,10
2023-05-23 09:42:50,7,10
2023-05-23 09:47:50,7,10
2023-05-23 09:52:50,7,10
2023-05-23 09:57:50,7,10
2023-05-23 10:02:50,6,9
2023-05-23 10:07:50,6,9
2023-05-23 10:12:50,6,9
2023-05-23 10:17:50,6,9
2023-05-23 10:22:50,6,9
2023-05-23 10:27:50,6,9
2023-05-23 10:32:50,6,9
2023-05-23 10:37:50,6,9
2023-05-23 10:42:50,6,8
2023-05-23 10:47:50,6,8
2023-05-23 10:52:50,6,8
2023-05-23 10:57:50,6,8
2023-05-23 11:02:50,5,8
2023-05-23 11:07:50,5,8
2023-05-23 11:12:50,5,8
2023-05-23 11:17:50,5,8
2023-05-23 11:22:50,5,7
2023-05-23 11:27:50,5,7
2023-05-23 11:32:50,5,7
2023-05-23 11:37:50,5,7
2023-05-23 11:42:50,5,7
2023-05-23 11:47:50,5,7
2023-05-23 11:52:50,5,7
2023-05-23 11:57:50,5,7
2023-05-23 12:02:50,4,6
2023-05-23 12:07:50,4,6
2023-05-23 12:12:50,4,6
2023-05-23 12:17:50,4,6
2023-05-23 12:22:50,4,6
2023-05-23 12:27:50,4,6
2023-05-23 12:32:50,4,6
2023-05-23 12:37:50,4,6
2023-05-23 12:42:50,4,5
2023-05-23 12:47:50,4,5
2023-05-23 12:52:50,4,5
2023-05-23 12:57:50,4,5
2023-05-23 13:02:50,3,5
2023-05-23 13:07:50,3,5
2023-05-23 13:12:50,3,5
2023-05-23 13:17:50,3,5
2023-05-23 13:22:50,3,4
2023-05-23 13:27:50,3,4
2023-05-23 13:32:50,3,4
2023-05-23 13:37:50,3,4
2023-05-23 13:42:50,3,4
2023-05-23 13:47:50,3,4
2023-05-23 13:52:50,3,4
2023-05-23 13:57:50,3,4
2023-05-23 14:02:50,2,3
2023-05-23 14:07:50,2,3
2023-05-23 14:12:50,2,3
2023-05-23 14:17:50,2,3
2023-05-23 14:22:50,2,3
2023-05-23 14:27:50,2,3
2023-05-23 14:32:50,2,3
2023-05-23 14:37:50,2,3
2023-05-23 14:42:50,2,3
2023-05-23 14:47:50,2,2
2023-05-23 14:52:50,2,2
2023-05-23 14:57:50,2,2
2023-05-23 15:02:50,2,2
2023-05-23 15:07:50,2,2
2023-05-23 15:12:50,2,2
2023-05-23 15:17:50,1,2
2023-05-23 15:22:50,1,2
2023-05-23 15:27:50,1,2
2023-05-23 15:32:50,1,2
2023-05-23 15:37:50,1,2
2023-05-23 15:42:50,1,2
2023-05-23 15:47:50,1,1
2023-05-23 15:52:50,1,1
2023-05-23 15:57:50,1,1
2023-05-23 16:02:50,1,1
2023-05-23 16:07:50,1,1
2023-05-23 16:12:50,1,1
2023-05-23 16:17:50,1,1
2023-05-23 16:22:50,1,1
2023-05-23 16:27:50,1,1
2023-05-23 16:32:50,1,1
2023-05-23 16:37:50,1,1
2023-05-23 16:42:50,1,1
2023-05-23 16:47:50,1,1
2023-05-23 16:52:50,1,1
2023-05-23 16:57:50,1,1
2023-05-23 17:02:50,1,1
2023-05-23 17:07:50,1,1
2023-05-23 17:12:50,1,1
2023-05-23 17:17:50,1,1
2023-05-23 17:22:50,1,1
2023-05-23 17:27:50,1,1
2023-05-23 17:32:50,1,1
2023-05-23 17:37:50,1,1
2023-05-23 17:42:50,1,1
2023-05-23 17:47:50,1,1
2023-05-23 17:52:50,1,1
2023-05-23 17:57:50,1,1
2023-05-23 18:02:50,1,1
2023-05-23 18:07:50,1,1
2023-05-23 18:12:50,1,1
2023-05-23 18:17:50,1,1
2023-05-23 18:22:50,1,1
2023-05-23 18:27:50,1,1
2023-05-23 18:32:50,1,1
2023-05-23 18:37:50,1,1
2023-05-23 18:42:50,1,1
2023-05-23 18:47:50,1,1
2023-05-23 18:52:50,1,1
2023-05-23 18:57:50,1,1
2023-05-23 19:02:50,1,1
2023-05-23 19:07:50,1,1
2023-05-23 19:12:50,1,1
2023-05-23 19:17:50,1,1
2023-05-23 19:22:50,1,1
2023-05-23 19:27:50,1,1
2023-05-23 19:32:50,1,1
2023-05-23 19:37:50,1,1
2023-05-23 19:42:50,1,1
2023-05-23 19:47:50,1,1
2023-05-23 19:52:50,1,1
2023-05-23 19:57:50,1,1
2023-05-23 20:02:50,1,1
2023-05-23 20:07:50,1,1
2023-05-23 20:12:50,1,1
2023-05-23 20:17:50,1,2
2023-05-23 20:22:50,1,2
2023-05-23 20:27:50,1,2
2023-05-23 20:32:50,1,2
2023-05-23 20:37:50,1,2
2023-05-23 20:42:50,1,2
2023-05-23 20:47:50,2,2
2023-05-23 20:52:50,2,2
2023-05-23 20:57:50,2,2
2023-05-23 21:02:50,2,2
2023-05-23 21:07:50,2,2
2023-05-23 21:12:50,2,3
2023-05-23 21:17:50,2,3
2023-05-23 21:22:50,2,3
2023-05-23 21:27:50,2,3
2023-05-23 21:32:50,2,3
2023-05-23 21:37:50,2,3
2023-05-23 21:42:50,2,3
2023-05-23 21:47:50,2,3
2023-05-23 21:52:50,2,3
2023-05-23 21:57:50,2,3
2023-05-23 22:02:50,3,4
2023-05-23 22:07:50,3,4
2023-05-23 22:12:50,3,4
2023-05-23 22:17:50,3,4
2023-05-23 22:22:50,3,4
2023-05-23 22:27:50,3,4
2023-05-23 22:32:50,3,4
2023-05-23 22:37:50,3,4
2023-05-23 22:42:50,3,5
2023-05-23 22:47:50,3,5
2023-05-23 22:52:50,3,5
2023-05-23 22:57:50,3,5
2023-05-23 23:02:50,4,5
2023-05-23 23:07:50,4,5
2023-05-23 23:12:50,4,5
2023-05-23 23:17:50,4,5
2023-05-23 23:22:50,4,6
2023-05-23 23:27:50,4,6
2023-05-23 23:32:50,4,6
2023-05-23 23:37:50,4,6
2023-05-23 23:42:50,4,6
2023-05-23 23:47:50,4,6
2023-05-23 23:52:50,4,6
2023-05-23 23:57:50,4,6
2023-05-24 00:02:50,5,7
2023-05-24 00:07:50,5,7
2023-05-24 00:12:50,5,7
2023-05-24 00:17:50,5,7
2023-05-24 00:22:50,5,7
2023-05-24 00:27:50,5,7
2023-05-24 00:32:50,5,7
2023-05-24 00:37:50,5,7
2023-05-24 00:42:50,5,8
2023-05-24 00:47:50,5,8
2023-05-24 00:52:50,5,8
2023-05-24 00:57:50,5,8
2023-05-24 01:02:50,6,8
2023-05-24 01:07:50,6,8
2023-05-24 01:12:50,6,8
2023-05-24 01:17:50,6,8
2023-05-24 01:22:50,6,9
2023-05-24 01:27:50,6,9
2023-05-24 01:32:50,6,9
2023-05-24 01:37:50,6,9
2023-05-24 01:42:50,6,9
2023-05-24 01:47:50,6,9
2023-05-24 01:52:50,6,9
2023-05-24 01:57:50,6,9
2023-05-24 02:02:50,7,10
2023-05-24 02:07:50,7,10
2023-05-24 02:12:50,7,10
2023-05-24 02:17:50,7,10
2023-05-24 02:22:50,7,10
2023-05-24 02:27:50,7,10
2023-05-24 02:32:50,7,10
2023-05-24 02:37:50,7,10
2023-05-24 02:42:50,7,10
2023-05-24 02:47:50,7,11
2023-05-24 02:52:50,7,11
2023-05-24 02:57:50,7,11
2023-05-24 03:02:50,7,11
2023-05-24 03:07:50,7,11
2023-05-24 03:12:50,7,11
2023-05-24 03:17:50,8,11
2023-05-24 03:22:50,8,11
2023-05-24 03:27:50,8,11
2023-05-24 03:32:50,8,11
2023-05-24 03:37:50,8,11
2023-05-24 03:42:50,8,11
2023-05-24 03:47:50,8,12
2023-05-24 03:52:50,8,12
2023-05-24 03:57:50,8,12
2023-05-24 04:02:50,8,12
2023-05-24 04:07:50,8,12
2023-05-24 04:12:50,8,12
2023-05-24 04:17:50,8,12
2023-05-24 04:22:50,8,12
2023-05-24 04:27:50,8,12
2023-05-24 04:32:50,8,12
2023-05-24 04:37:50,8,12
2023-05-24 04:42:50,8,12
2023-05-24 04:47:50,8,12
2023-05-24 04:52:50,8,12
2023-05-24 04:57:50,8,12
2023-05-24 05:02:50,8,12
2023-05-24 05:07:50,8,12
2023-05-24 05:12:50,8,12
2023-05-24 05:17:50,8,12
2023-05-24 05:22:50,8,12
2023-05-24 05:27:50,8,12
2023-05-24 05:32:50,8,12
2023-05-24 05:37:50,8,12
2023-05-24 05:42:50,8,12
2023-05-24 05:47:50,8,12
2023-05-24 05:52:50,8,12
2023-05-24 05:57:50,8,12
2023-05-24 06:02:50,8,12
2023-05-24 06:07:50,8,12
2023-05-24 06:12:50,8,12
2023-05-24 06:17:50,8,12
2023-05-24 06:22:50,8,12
2023-05-24 06:27:50,8,12
2023-05-24 06:32:50,8,12
2023-05-24 06:37:50,8,12
2023-05-24 06:42:50,8,12
2023-05-24 06:47:50,8,12
2023-05-24 06:52:50,8,12
2023-05-24 06:57:50,8,12
2023-05-24 07:02:50,8,12
2023-05-24 07:07:50,8,12
2023-05-24 07:12:50,8,12
2023-05-24 07:17:50,8,12
2023-05-24 07:22:50,8,12
2023-05-24 07:27:50,8,12
2023-05-24 07:32:50,8,12
2023-05-24 07:37:50,8,12
2023-05-24 07:42:50,8,12
2023-05-24 07:47:50,8,12
2023-05-24 07:52:50,8,12
2023-05-24 07:57:50,8,12
2023-05-24 08:02:50,8,12
2023-05-24 08:07:50,8,12
2023-05-24 08:12:50,8,12
2023-05-24 08:17:50,8,11
2023-05-24 08:22:50,8,11
2023-05-24 08:27:50,8,11
2023-05-24 08:32:50,8,11
2023-05-24 08:37:50,8,11
2023-05-24 08:42:50,8,11
2023-05-24 08:47:50,7,11
2023-05-24 08:52:50,7,11
2023-05-24 08:57:50,7,11
2023-05-24 09:02:50,7,11
2023-05-24 09:07:50,7,11
2023-05-24 09:12:50,7,10
2023-05-24 09:17:50,7,10
2023-05-24 09:22:50,7,10
2023-05-24 09:27:50,7,10
2023-05-24 09:32:50,7,10
2023-05-24 09:37:50,7,10
2023-05-24 09:42:50,7,10
2023-05-24 09:47:50,7,10
2023-05-24 09:52:50,7,10
2023-05-24 09:57:50,7,10
2023-05-24 10:02:50,6,9
2023-05-24 10:07:50,6,9
2023-05-24 10:12:50,6,9
2023-05-24 10:17:50,6,9
2023-05-24 10:22:50,6,9
2023-05-24 10:27:50,6,9
2023-05-24 10:32:50,6,9
2023-05-24 10:37:50,6,9
2023-05-24 10:42:50,6,8
2023-05-24 10:47:50,6,8
2023-05-24 10:52:50,6,8
2023-05-24 10:57:50,6,8
2023-05-24 11:02:50,5,8
2023-05-24 11:07:50,5,8
2023-05-24 11:12:50,5,8
2023-05-24 11:17:50,5,8
2023-05-24 11:22:50,5,7
2023-05-24 11:27:50,5,7
2023-05-24 11:32:50,5,7
2023-05-24 11:37:50,5,7
2023-05-24 11:42:50,5,7
2023-05-24 11:47:50,5,7
2023-05-24 11:52:50,5,7
2023-05-24 11:57:50,5,7
2023-05-24 12:02:50,4,6
2023-05-24 12:07:50,4,6
2023-05-24 12:12:50,4,6
2023-05-24 12:17:50,4,6
2023-05-24 12:22:50,4,6
2023-05-24 12:27:50,4,6
2023-05-24 12:32:50,4,6
2023-05-24 12:37:50,4,6
2023-05-24 12:42:50,4,5
2023-05-24 12:47:50,4,5
2023-05-24 12:52:50,4,5
2023-05-24 12:57:50,4,5
2023-05-24 13:02:50,3,5
2023-05-24 13:07:50,3,5
2023-05-24 13:12:50,3,5
2023-05-24 13:17:50,3,5
2023-05-24 13:22:50,3,4
2023-05-24 13:27:50,3,4
2023-05-24 13:32:50,3,4
2023-05-24 13:37:50,3,4
2023-05-24 13:42:50,3,4
2023-05-24 13:47:50,3,4
2023-05-24 13:52:50,3,4
2023-05-24 13:57:50,3,4
2023-05-24 14:02:50,2,3
2023-05-24 14:07:50,2,3
2023-05-24 14:12:50,2,3
2023-05-24 14:17:50,2,3
2023-05-24 14:22:50,2,3
2023-05-24 14:27:50,2,3
2023-05-24 14:32:50,2,3
2023-05-24 14:37:50,2,3
2023-05-24 14:42:50,2,3
2023-05-24 14:47:50,2,2
2023-05-24 14:52:50,2,2
2023-05-24 14:57:50,2,2
2023-05-24 15:02:50,2,2
2023-05-24 15:07:50,2,2
2023-05-24 15:12:50,2,2
2023-05-24 15:17:50,1,2
2023-05-24 15:22:50,1,2
2023-05-24 15:27:50,1,2
2023-05-24 15:32:50,1,2
2023-05-24 15:37:50,1,2
2023-05-24 15:42:50,1,2
2023-05-24 15:47:50,1,1
2023-05-24 15:52:50,1,1
2023-05-24 15:57:50,1,1
2023-05-24 16:02:50,1,1
2023-05-24 16:07:50,1,1
2023-05-24 16:12:50,1,1
2023-05-24 16:17:50,1,1
2023-05-24 16:22:50,1,1
2023-05-24 16:27:50,1,1
2023-05-24 16:32:50,1,1
2023-05-24 16:37:50,1,1
2023-05-24 16:42:50,1,1
2023-05-24 16:47:50,1,1
2023-05-24 16:52:50,1,1
2023-05-24 16:57:50,1,1
2023-05-24 17:02:50,1,1
2023-05-24 17:07:50,1,1
2023-05-24 17:12:50,1,1
2023-05-24 17:17:50,1,1
2023-05-24 17:22:50,1,1
2023-05-24 17:27:50,1,1
2023-05-24 17:32:50,1,1
2023-05-24 17:37:50,1,1
2023-05-24 17:42:50,1,1
2023-05-24 17:47:50,1,1
2023-05-24 17:52:50,1,1
2023-05-24 17:57:50,1,1
2023-05-24 18:02:50,1,1
2023-05-24 18:07:50,1,1
2023-05-24 18:12:50,1,1
2023-05-24 18:17:50,1,1
2023-05-24 18:22:50,1,1
2023-05-24 18:27:50,1,1
2023-05-24 18:32:50,1,1
2023-05-24 18:37:50,1,1
2023-05-24 18:42:50,1,1
2023-05-24 18:47:50,1,1
2023-05-24 18:52:50,1,1
2023-05-24 18:57:50,1,1
2023-05-24 19:02:50,1,1
2023-05-24 19:07:50,1,1
2023-05-24 19:12:50,1,1
2023-05-24 19:17:50,1,1
2023-05-24 19:22:50,1,1
2023-05-24 19:27:50,1,1
2023-05-24 19:32:50,1,1
2023-05-24 19:37:50,1,1
2023-05-24 19:42:50,1,1
2023-05-24 19:47:50,1,1
2023-05-24 19:52:50,1,1
2023-05-24 19:57:50,1,1
2023-05-24 20:02:50,1,1
2023-05-24 20:07:50,1,1
2023-05-24 20:12:50,1,1
2023-05-24 20:17:50,1,2
2023-05-24 20:22:50,1,2
2023-05-24 20:27:50,1,2
2023-05-24 20:32:50,1,2
2023-05-24 20:37:50,1,2
2023-05-24 20:42:50,1,2
2023-05-24 20:47:50,2,2
2023-05-24 20:52:50,2,2
2023-05-24 20:57:50,2,2
2023-05-24 21:02:50,2,2
2023-05-24 21:07:50,2,2
2023-05-24 21:12:50,2,3
2023-05-24 21:17:50,2,3
2023-05-24 21:22:50,2,3
2023-05-24 21:27:50,2,3
2023-05-24 21:32:50,2,3
2023-05-24 21:37:50,2,3
2023-05-24 21:42:50,2,3
2023-05-24 21:47:50,2,3
2023-05-24 21:52:50,2,3
2023-05-24 21:57:50,2,3
2023-05-24 22:02:50,3,4
2023-05-24 22:07:50,3,4
2023-05-24 22:12:50,3,4
2023-05-24 22:17:50,3,4
2023-05-24 22:22:50,3,4
2023-05-24 22:27:50,3,4
2023-05-24 22:32:50,3,4
2023-05-24 22:37:50,3,4
2023-05-24 22:42:50,3,5
2023-05-24 22:47:50,3,5
2023-05-24 22:52:50,3,5
2023-05-24 22:57:50,3,5
2023-05-24 23:02:50,4,5
2023-05-24 23:07:50,4,5
2023-05-24 23:12:50,4,5
2023-05-24 23:17:50,4,5
2023-05-24 23:22:50,4,6
2023-05-24 23:27:50,4,6
2023-05-24 23:32:50,4,6
2023-05-24 23:37:50,4,6
2023-05-24 23:42:50,4,6
2023-05-24 23:47:50,4,6
2023-05-24 23:52:50,4,6
2023-05-24 23:57:50,4,6
2023-05-25 00:02:50,5,7
2023-05-25 00:07:50,5,7
2023-05-25 00:12:50,5,7
2023-05-25 00:17:50,5,7
2023-05-25 00:22:50,5,7
2023-05-25 00:27:50,5,7
2023-05-25 00:32:50,5,7
2023-05-25 00:37:50,5,7
2023-05-25 00:42:50,5,8
2023-05-25 00:47:50,5,8
2023-05-25 00:52:50,5,8
2023-05-25 00:57:50,5,8
2023-05-25 01:02:50,6,8
2023-05-25 01:07:50,6,8
2023-05-25 01:12:50,6,8
2023-05-25 01:17:50,6,8
2023-05-25 01:22:50,6,9
2023-05-25 01:27:50,6,9
2023-05-25 01:32:50,6,9
2023-05-25 01:37:50,6,9
2023-05-25 01:42:50,6,9
2023-05-25 01:47:50,6,9
2023-05-25 01:52:50,6,9
2023-05-25 01:57:50,6,9
2023-05-25 02:02:50,7,10
2023-05-25 02:07:50,7,10
2023-05-25 02:12:50,7,10
2023-05-25 02:17:50,7,10
2023-05-25 02:22:50,7,10
2023-05-25 02:27:50,7,10
2023-05-25 02:32:50,7,10
2023-05-25 02:37:50,7,10
2023-05-25 02:42:50,7,10
2023-05-25 02:47:50,7,11
2023-05-25 02:52:50,7,11
2023-05-25 02:57:50,7,11
2023-05-25 03:02:50,7,11
2023-05-25 03:07:50,7,11
2023-05-25 03:12:50,7,11
2023-05-25 03:17:50,8,11
2023-05-25 03:22:50,8,11
2023-05-25 03:27:50,8,11
2023-05-25 03:32:50,8,11
2023-05-25 03:37:50,8,11
2023-05-25 03:42:50,8,11
2023-05-25 03:47:50,8,12
2023-05-25 03:52:50,8,12
2023-05-25 03:57:50,8,12
2023-05-25 04:02:50,8,12
2023-05-25 04:07:50,8,12
2023-05-25 04:12:50,8,12
2023-05-25 04:17:50,8,12
2023-05-25 04:22:50,8,12
2023-05-25 04:27:50,8,12
2023-05-25 04:32:50,8,12
2023-05-25 04:37:50,8,12
2023-05-25 04:42:50,8,12
2023-05-25 04:47:50,8,12
2023-05-25 04:52:50,8,12
2023-05-25 04:57:50,8,12
2023-05-25 05:02:50,8,12
2023-05-25 05:07:50,8,12
2023-05-25 05:12:50,8,12
2023-05-25 05:17:50,8,12
2023-05-25 05:22:50,8,12
2023-05-25 05:27:50,8,12
2023-05-25 05:32:50,8,12
2023-05-25 05:37:50,8,12
2023-05-25 05:42:50,8,12
2023-05-25 05:47:50,8,12
2023-05-25 05:52:50,8,12
2023-05-25 05:57:50,8,12
2023-05-25 06:02:50,8,12
2023-05-25 06:07:50,8,12
2023-05-25 06:12:50,8,12
2023-05-25 06:17:50,8,12
2023-05-25 06:22:50,8,12
2023-05-25 06:27:50,8,12
2023-05-25 06:32:50,8,12
2023-05-25 06:37:50,8,12
2023-05-25 06:42:50,8,12
2023-05-25 06:47:50,8,12
2023-05-25 06:52:50,8,12
2023-05-25 06:57:50,8,12
2023-05-25 07:02:50,8,12
2023-05-25 07:07:50,8,12
2023-05-25 07:12:50,8,12
2023-05-25 07:17:50,8,12
2023-05-25 07:22:50,8,12
2023-05-25 07:27:50,8,12
2023-05-25 07:32:50,8,12
2023-05-25 07:37:50,8,12
2023-05-25 07:42:50,8,12
2023-05-25 07:47:50,8,12
2023-05-25 07:52:50,8,12
2023-05-25 07:57:50,8,12
2023-05-25 08:02:50,8,12
2023-05-25 08:07:50,8,12
2023-05-25 08:12:50,8,12
2023-05-25 08:17:50,8,11
2023-05-25 08:22:50,8,11
2023-05-25 08:27:50,8,11
2023-05-25 08:32:50,8,11
2023-05-25 08:37:50,8,11
2023-05-25 08:42:50,8,11
2023-05-25 08:47:50,7,11
2023-05-25 08:52:50,7,11
2023-05-25 08:57:50,7,11
2023-05-25 09:02:50,7,11
2023-05-25 09:07:50,7,11
2023-05-25 09:12:50,7,10
2023-05-25 09:17:50,7,10
2023-05-25 09:22:50,7,10
2023-05-25 09:27:50,7,10
2023-05-25 09:32:50,7,10
2023-05-25 09:37:50,7,10
2023-05-25 09:42:50,7,10
2023-05-25 09:47:50,7,10
2023-05-25 09:52:50,7,10
2023-05-25 09:57:50,7,10
2023-05-25 10:02:50,6,9
2023-05-25 10:07:50,6,9
2023-05-25 10:12:50,6,9
2023-05-25 10:17:50,6,9
2023-05-25 10:22:50,6,9
2023-05-25 10:27:50,6,9
2023-05-25 10:32:50,6,9
2023-05-25 10:37:50,6,9
2023-05-25 10:42:50,6,8
2023-05-25 10:47:50,6,8
2023-05-25 10:52:50,6,8
2023-05-25 10:57:50,6,8
2023-05-25 11:02:50,5,8
2023-05-25 11:07:50,5,8
2023-05-25 11:12:50,5,8
2023-05-25 11:17:50,5,8
2023-05-25 11:22:50,5,7
2023-05-25 11:27:50,5,7
2023-05-25 11:32:50,5,7
2023-05-25 11:37:50,5,7
2023-05-25 11:42:50,5,7
2023-05-25 11:47:50,5,7
2023-05-25 11:52:50,5,7
2023-05-25 11:57:50,5,7
2023-05-25 12:02:50,4,6
2023-05-25 12:07:50,4,6
2023-05-25 12:12:50,4,6
2023-05-25 12:17:50,4,6
2023-05-25 12:22:50,4,6
2023-05-25 12:27:50,4,6
2023-05-25 12:32:50,4,6
2023-05-25 12:37:50,4,6
2023-05-25 12:42:50,4,5
2023-05-25 12:47:50,4,5
2023-05-25 12:52:50,4,5
2023-05-25 12:57:50,4,5
2023-05-25 13:02:50,3,5
2023-05-25 13:07:50,3,5
2023-05-25 13:12:50,3,5
2023-05-25 13:17:50,3,5
2023-05-25 13:22:50,3,4
2023-05-25 13:27:50,3,4
2023-05-25 13:32:50,3,4
2023-05-25 13:37:50,3,4
2023-05-25 13:42:50,3,4
2023-05-25 13:47:50,3,4
2023-05-25 13:52:50,3,4
2023-05-25 13:57:50,3,4
2023-05-25 14:02:50,2,3
2023-05-25 14:07:50,2,3
2023-05-25 14:12:50,2,3
2023-05-25 14:17:50,2,3
2023-05-25 14:22:50,2,3
2023-05-25 14:27:50,2,3
2023-05-25 14:32:50,2,3
2023-05-25 14:37:50,2,3
2023-05-25 14:42:50,2,3
2023-05-25 14:47:50,2,2
2023-05-25 14:52:50,2,2
2023-05-25 14:57:50,2,2
2023-05-25 15:02:50,2,2
2023-05-25 15:07:50,2,2
2023-05-25 15:12:50,2,2
2023-05-25 15:17:50,1,2
2023-05-25 15:22:50,1,2
2023-05-25 15:27:50,1,2
2023-05-25 15:32:50,1,2
2023-05-25 15:37:50,1,2
2023-05-25 15:42:50,1,2
2023-05-25 15:47:50,1,1
2023-05-25 15:52:50,1,1
2023-05-25 15:57:50,1,1
2023-05-25 16:02:50,1,1
2023-05-25 16:07:50,1,1
2023-05-25 16:12:50,1,1
2023-05-25 16:17:50,1,1
2023-05-25 16:22:50,1,1
2023-05-25 16:27:50,1,1
2023-05-25 16:32:50,1,1
2023-05-25 16:37:50,1,1
2023-05-25 16:42:50,1,1
2023-05-25 16:47:50,1,1
2023-05-25 16:52:50,1,1
2023-05-25 16:57:50,1,1
2023-05-25 17:02:50,1,1
2023-05-25 17:07:50,1,1
2023-05-25 17:12:50,1,1
2023-05-25 17:17:50,1,1
2023-05-25 17:22:50,1,1
2023-05-25 17:27:50,1,1
2023-05-25 17:32:50,1,1
2023-05-25 17:37:50,1,1
2023-05-25 17:42:50,1,1
2023-05-25 17:47:50,1,1
2023-05-25 17:52:50,1,1
2023-05-25 17:57:50,1,1
2023-05-25 18:02:50,1,1
2023-05-25 18:07:50,1,1
2023-05-25 18:12:50,1,1
2023-05-25 18:17:50,1,1
2023-05-25 18:22:50,1,1
2023-05-25 18:27:50,1,1
2023-05-25 18:32:50,1,1
2023-05-25 18:37:50,1,1
2023-05-25 18:42:50,1,1
2023-05-25 18:47:50,1,1
2023-05-25 18:52:50,1,1
2023-05-25 18:57:50,1,1
2023-05-25 19:02:50,1,1
2023-05-25 19:07:50,1,1
2023-05-25 19:12:50,1,1
2023-05-25 19:17:50,1,1
2023-05-25 19:22:50,1,1
2023-05-25 19:27:50,1,1
2023-05-25 19:32:50,1,1
2023-05-25 19:37:50,1,1
2023-05-25 19:42:50,1,1
2023-05-25 19:47:50,1,1
2023-05-25 19:52:50,1,1
2023-05-25 19:57:50,1,1
2023-05-25 20:02:50,1,1
2023-05-25 20:07:50,1,1
2023-05-25 20:12:50,1,1
2023-05-25 20:17:50,1,2
2023-05-25 20:22:50,1,2
2023-05-25 20:27:50,1,2
2023-05-25 20:32:50,1,2
2023-05-25 20:37:50,1,2
2023-05-25 20:42:50,1,2
2023-05-25 20:47:50,2,2
2023-05-25 20:52:50,2,2
2023-05-25 20:57:50,2,2
2023-05-25 21:02:50,2,2
2023-05-25 21:07:50,2,2
2023-05-25 21:12:50,2,3
2023-05-25 21:17:50,2,3
2023-05-25 21:22:50,2,3
2023-05-25 21:27:50,2,3
2023-05-25 21:32:50,2,3
2023-05-25 21:37:50,2,3
2023-05-25 21:42:50,2,3
2023-05-25 21:47:50,2,3
2023-05-25 21:52:50,2,3
2023-05-25 21:57:50,2,3
2023-05-25 22:02:50,3,4
2023-05-25 22:07:50,3,4
2023-05-25 22:12:50,3,4
2023-05-25 22:17:50,3,4
2023-05-25 22:22:50,3,4
2023-05-25 22:27:50,3,4
2023-05-25 22:32:50,3,4
2023-05-25 22:37:50,3,4
2023-05-25 22:42:50,3,5
2023-05-25 22:47:50,3,5
2023-05-25 22:52:50,3,5
2023-05-25 22:57:50,3,5
2023-05-25 23:02:50,4,5
2023-05-25 23:07:50,4,5
2023-05-25 23:12:50,4,5
2023-05-25 23:17:50,4,5
2023-05-25 23:22:50,4,6
2023-05-25 23:27:50,4,6
2023-05-25 23:32:50,4,6
2023-05-25 23:37:50,4,6
2023-05-25 23:42:50,4,6
2023-05-25 23:47:50,4,6
2023-05-25 23:52:50,4,6
2023-05-25 23:57:50,4,6
2023-05-26 00:02:50,5,7
2023-05-26 00:07:50,5,7
2023-05-26 00:12:50,5,7
2023-05-26 00:17:50,5,7
2023-05-26 00:22:50,5,7
2023-05-26 00:27:50,5,7
2023-05-26 00:32:50,5,7
2023-05-26 00:37:50,5,7
2023-05-26 00:42:50,5,8
2023-05-26 00:47:50,5,8
2023-05-26 00:52:50,5,8
2023-05-26 00:57:50,5,8
2023-05-26 01:02:50,6,8
2023-05-26 01:07:50,6,8
2023-05-26 01:12:50,6,8
2023-05-26 01:17:50,6,8
2023-05-26 01:22:50,6,9
2023-05-26 01:27:50,6,9
2023-05-26 01:32:50,6,9
2023-05-26 01:37:50,6,9
2023-05-26 01:42:50,6,9
2023-05-26 01:47:50,6,9
2023-05-26 01:52:50,6,9
2023-05-26 01:57:50,6,9
2023-05-26 02:02:50,7,10
2023-05-26 02:07:50,7,10
2023-05-26 02:12:50,7,10
2023-05-26 02:17:50,7,10
2023-05-26 02:22:50,7,10
2023-05-26 02:27:50,7,10
2023-05-26 02:32:50,7,10
2023-05-26 02:37:50,7,10
2023-05-26 02:42:50,7,10
2023-05-26 02:47:50,7,11
2023-05-26 02:52:50,7,11
2023-05-26 02:57:50,7,11
2023-05-26 03:02:50,7,11
2023-05-26 03:07:50,7,11
2023-05-26 03:12:50,7,11
2023-05-26 03:17:50,8,11
2023-05-26 03:22:50,8,11
2023-05-26 03:27:50,8,11
2023-05-26 03:32:50,8,11
2023-05-26 03:37:50,8,11
2023-05-26 03:42:50,8,11
2023-05-26 03:47:50,8,12
2023-05-26 03:52:50,8,12
2023-05-26 03:57:50,8,12
2023-05-26 04:02:50,8,12
2023-05-26 04:07:50,8,12
2023-05-26 04:12:50,8,12
2023-05-26 04:17:50,8,12
2023-05-26 04:22:50,8,12
2023-05-26 04:27:50,8,12
2023-05-26 04:32:50,8,12
2023-05-26 04:37:50,8,12
2023-05-26 04:42:50,8,12
2023-05-26 04:47:50,8,12
2023-05-26 04:52:50,8,12
2023-05-26 04:57:50,8,12
2023-05-26 05:02:50,8,12
2023-05-26 05:07:50,8,12
2023-05-26 05:12:50,8,12
2023-05-26 05:17:50,8,12
2023-05-26 05:22:50,8,12
2023-05-26 05:27:50,8,12
2023-05-26 05:32:50,8,12
2023-05-26 05:37:50,8,12
2023-05-26 05:42:50,8,12
2023-05-26 05:47:50,8,12
2023-05-26 05:52:50,8,12
2023-05-26 05:57:50,8,12
2023-05-26 06:02:50,8,12
2023-05-26 06:07:50,8,12
2023-05-26 06:12:50,8,12
2023-05-26 06:17:50,8,12
2023-05-26 06:22:50,8,12
2023-05-26 06:27:50,8,12
2023-05-26 06:32:50,8,12
2023-05-26 06:37:50,8,12
2023-05-26 06:42:50,8,12
2023-05-26 06:47:50,8,12
2023-05-26 06:52:50,8,12
2023-05-26 06:57:50,8,12
2023-05-26 07:02:50,8,12
2023-05-26 07:07:50,8,12
2023-05-26 07:12:50,8,12
2023-05-26 07:17:50,8,12
2023-05-26 07:22:50,8,12
2023-05-26 07:27:50,8,12
2023-05-26 07:32:50,8,12
2023-05-26 07:37:50,8,12
2023-05-26 07:42:50,8,12
2023-05-26 07:47:50,8,12
2023-05-26 07:52:50,8,12
2023-05-26 07:57:50,8,12
2023-05-26 08:02:50,8,12
2023-05-26 08:07:50,8,12
2023-05-26 08:12:50,8,12
2023-05-26 08:17:50,8,11
2023-05-26 08:22:50,8,11
2023-05-26 08:27:50,8,11
2023-05-26 08:32:50,8,11
2023-05-26 08:37:50,8,11
2023-05-26 08:42:50,8,11
2023-05-26 08:47:50,7,11
2023-05-26 08:52:50,7,11
2023-05-26 08:57:50,7,11
2023-05-26 09:02:50,7,11
2023-05-26 09:07:50,7,11
2023-05-26 09:12:50,7,10
2023-05-26 09:17:50,7,10
2023-05-26 09:22:50,7,10
2023-05-26 09:27:50,7,10
2023-05-26 09:32:50,7,10
2023-05-26 09:37:50,7,10
2023-05-26 09:42:50,7,10
2023-05-26 09:47:50,7,10
2023-05-26 09:52:50,7,10
2023-05-26 09:57:50,7,10
2023-05-26 10:02:50,6,9
2023-05-26 10:07:50,6,9
2023-05-26 10:12:50,6,9
2023-05-26 10:17:50,6,9
2023-05-26 10:22:50,6,9
2023-05-26 10:27:50,6,9
2023-05-26 10:32:50,6,9
2023-05-26 10:37:50,6,9
2023-05-26 10:42:50,6,8
2023-05-26 10:47:50,6,8
2023-05-26 10:52:50,6,8
2023-05-26 10:57:50,6,8
2023-05-26 11:02:50,5,8
2023-05-26 11:07:50,5,8
2023-05-26 11:12:50,5,8
2023-05-26 11:17:50,5,8
2023-05-26 11:22:50,5,7
2023-05-26 11:27:50,5,7
2023-05-26 11:32:50,5,7
2023-05-26 11:37:50,5,7
2023-05-26 11:42:50,5,7
2023-05-26 11:47:50,5,7
2023-05-26 11:52:50,5,7
2023-05-26 11:57:50,5,7
2023-05-26 12:02:50,4,6
2023-05-26 12:07:50,4,6
2023-05-26 12:12:50,4,6
2023-05-26 12:17:50,4,6
2023-05-26 12:22:50,4,6
2023-05-26 12:27:50,4,6
2023-05-26 12:32:50,4,6
2023-05-26 12:37:50,4,6
2023-05-26 12:42:50,4,5
2023-05-26 12:47:50,4,5
2023-05-26 12:52:50,4,5
2023-05-26 12:57:50,4,5
2023-05-26 13:02:50,3,5
2023-05-26 13:07:50,3,5
2023-05-26 13:12:50,3,5
2023-05-26 13:17:50,3,5
2023-05-26 13:22:50,3,4
2023-05-26 13:27:50,3,4
2023-05-26 13:32:50,3,4
2023-05-26 13:37:50,3,4
2023-05-26 13:42:50,3,4
2023-05-26 13:47:50,3,4
2023-05-26 13:52:50,3,4
2023-05-26 13:57:50,3,4
2023-05-26 14:02:50,2,3
2023-05-26 14:07:50,2,3
2023-05-26 14:12:50,2,3
2023-05-26 14:17:50,2,3
2023-05-26 14:22:50,2,3
2023-05-26 14:27:50,2,3
2023-05-26 14:32:50,2,3
2023-05-26 14:37:50,2,3
2023-05-26 14:42:50,2,3
2023-05-26 14:47:50,2,2
2023-05-26 14:52:50,2,2
2023-05-26 14:57:50,2,2
2023-05-26 15:02:50,2,2
2023-05-26 15:07:50,2,2
2023-05-26 15:12:50,2,2
2023-05-26 15:17:50,1,2
2023-05-26 15:22:50,1,2
2023-05-26 15:27:50,1,2
2023-05-26 15:32:50,1,2
2023-05-26 15:37:50,1,2
2023-05-26 15:42:50,1,2
2023-05-26 15:47:50,1,1
2023-05-26 15:52:50,1,1
2023-05-26 15:57:50,1,1
2023-05-26 16:02:50,1,1
2023-05-26 16:07:50,1,1
2023-05-26 16:12:50,1,1
2023-05-26 16:17:50,1,1
2023-05-26 16:22:50,1,1
2023-05-26 16:27:50,1,1
2023-05-26 16:32:50,1,1
2023-05-26 16:37:50,1,1
2023-05-26 16:42:50,1,1
2023-05-26 16:47:50,1,1
2023-05-26 16:52:50,1,1
2023-05-26 16:57:50,1,1
2023-05-26 17:02:50,1,1
2023-05-26 17:07:50,1,1
2023-05-26 17:12:50,1,1
2023-05-26 17:17:50,1,1
2023-05-26 17:22:50,1,1
2023-05-26 17:27:50,1,1
2023-05-26 17:32:50,1,1
2023-05-26 17:37:50,1,1
2023-05-26 17:42:50,1,1
2023-05-26 17:47:50,1,1
2023-05-26 17:52:50,1,1
2023-05-26 17:57:50,1,1
2023-05-26 18:02:50,1,1
2023-05-26 18:07:50,1,1
2023-05-26 18:12:50,1,1
2023-05-26 18:17:50,1,1
2023-05-26 18:22:50,1,1
2023-05-26 18:27:50,1,1
2023-05-26 18:32:50,1,1
2023-05-26 18:37:50,1,1
2023-05-26 18:42:50,1,1
2023-05-26 18:47:50,1,1
2023-05-26 18:52:50,1,1
2023-05-26 18:57:50,1,1
2023-05-26 19:02:50,1,1
2023-05-26 19:07:50,1,1
2023-05-26 19:12:50,1,1
2023-05-26 19:17:50,1,1
2023-05-26 19:22:50,1,1
2023-05-26 19:27:50,1,1
2023-05-26 19:32:50,1,1
2023-05-26 19:37:50,1,1
2023-05-26 19:42:50,1,1
2023-05-26 19:47:50,1,1
2023-05-26 19:52:50,1,1
2023-05-26 19:57:50,1,1
2023-05-26 20:02:50,1,1
2023-05-26 20:07:50,1,1
2023-05-26 20:12:50,1,1
2023-05-26 20:17:50,1,2
2023-05-26 20:22:50,1,2
2023-05-26 20:27:50,1,2
2023-05-26 20:32:50,1,2
2023-05-26 20:37:50,1,2
2023-05-26 20:42:50,1,2
2023-05-26 20:47:50,2,2
2023-05-26 20:52:50,2,2
2023-05-26 20:57:50,2,2
2023-05-26 21:02:50,2,2
2023-05-26 21:07:50,2,2
2023-05-26 21:12:50,2,3
2023-05-26 21:17:50,2,3
2023-05-26 21:22:50,2,3
2023-05-26 21:27:50,2,3
2023-05-26 21:32:50,2,3
2023-05-26 21:37:50,2,3
2023-05-26 21:42:50,2,3
2023-05-26 21:47:50,2,3
2023-05-26 21:52:50,2,3
2023-05-26 21:57:50,2,3
2023-05-26 22:02:50,3,4
2023-05-26 22:07:50,3,4
2023-05-26 22:12:50,3,4
2023-05-26 22:17:50,3,4
2023-05-26 22:22:50,3,4
2023-05-26 22:27:50,3,4
2023-05-26 22:32:50,3,4
2023-05-26 22:37:50,3,4
2023-05-26 22:42:50,3,5
2023-05-26 22:47:50,3,5
2023-05-26 22:52:50,3,5
2023-05-26 22:57:50,3,5
2023-05-26 23:02:50,4,5
2023-05-26 23:07:50,4,5
2023-05-26 23:12:50,4,5
2023-05-26 23:17:50,4,5
2023-05-26 23:22:50,4,6
2023-05-26 23:27:50,4,6
2023-05-26 23:32:50,4,6
2023-05-26 23:37:50,4,6
2023-05-26 23:42:50,4,6
2023-05-26 23:47:50,4,6
2023-05-26 23:52:50,4,6
2023-05-26 23:57:50,4,6
2023-05-27 00:02:50,5,7
2023-05-27 00:07:50,5,7
2023-05-27 00:12:50,5,7
2023-05-27 00:17:50,5,7
2023-05-27 00:22:50,5,7
2023-05-27 00:27:50,5,7
2023-05-27 00:32:50,5,7
2023-05-27 00:37:50,5,7
2023-05-27 00:42:50,5,8
2023-05-27 00:47:50,5,8
2023-05-27 00:52:50,5,8
2023-05-27 00:57:50,5,8
2023-05-27 01:02:50,6,8
2023-05-27 01:07:50,6,8
2023-05-27 01:12:50,6,8
2023-05-27 01:17:50,6,8
2023-05-27 01:22:50,6,9
2023-05-27 01:27:50,6,9
2023-05-27 01:32:50,6,9
2023-05-27 01:37:50,6,9
2023-05-27 01:42:50,6,9
2023-05-27 01:47:50,6,9
2023-05-27 01:52:50,6,9
2023-05-27 01:57:50,6,9
2023-05-27 02:02:50,7,10
2023-05-27 02:07:50,7,10
2023-05-27 02:12:50,7,10
2023-05-27 02:17:50,7,10
2023-05-27 02:22:50,7,10
2023-05-27 02:27:50,7,10
2023-05-27 02:32:50,7,10
2023-05-27 02:37:50,7,10
2023-05-27 02:42:50,7,10
2023-05-27 02:47:50,7,11
2023-05-27 02:52:50,7,11
2023-05-27 02:57:50,7,11
2023-05-27 03:02:50,7,11
2023-05-27 03:07:50,7,11
2023-05-27 03:12:50,7,11
2023-05-27 03:17:50,8,11
2023-05-27 03:22:50,8,11
2023-05-27 03:27:50,8,11
2023-05-27 03:32:50,8,11
2023-05-27 03:37:50,8,11
2023-05-27 03:42:50,8,11
2023-05-27 03:47:50,8,12
2023-05-27 03:52:50,8,12
2023-05-27 03:57:50,8,12
2023-05-27 04:02:50,8,12
2023-05-27 04:07:50,8,12
2023-05-27 04:12:50,8,12
2023-05-27 04:17:50,8,12
2023-05-27 04:22:50,8,12
2023-05-27 04:27:50,8,12
2023-05-27 04:32:50,8,12
2023-05-27 04:37:50,8,12
2023-05-27 04:42:50,8,12
2023-05-27 04:47:50,8,12
2023-05-27 04:52:50,8,12
2023-05-27 04:57:50,8,12
2023-05-27 05:02:50,8,12
2023-05-27 05:07:50,8,12
2023-05-27 05:12:50,8,12
2023-05-27 05:17:50,8,12
2023-05-27 05:22:50,8,12
2023-05-27 05:27:50,8,12
2023-05-27 05:32:50,8,12
2023-05-27 05:37:50,8,12
2023-05-27 05:42:50,8,12
2023-05-27 05:47:50,8,12
2023-05-27 05:52:50,8,12
2023-05-27 05:57:50,8,12
2023-05-27 06:02:50,8,12
2023-05-27 06:07:50,8,12
2023-05-27 06:12:50,8,12
2023-05-27 06:17:50,8,12
2023-05-27 06:22:50,8,12
2023-05-27 06:27:50,8,12
2023-05-27 06:32:50,8,12
2023-05-27 06:37:50,8,12
2023-05-27 06:42:50,8,12
2023-05-27 06:47:50,8,12
2023-05-27 06:52:50,8,12
2023-05-27 06:57:50,8,12
2023-05-27 07:02:50,8,12
2023-05-27 07:07:50,8,12
2023-05-27 07:12:50,8,12
2023-05-27 07:17:50,8,12
2023-05-27 07:22:50,8,12
2023-05-27 07:27:50,8,12
2023-05-27 07:32:50,8,12
2023-05-27 07:37:50,8,12
2023-05-27 07:42:50,8,12
2023-05-27 07:47:50,8,12
2023-05-27 07:52:50,8,12
2023-05-27 07:57:50,8,12
2023-05-27 08:02:50,8,12
2023-05-27 08:07:50,8,12
2023-05-27 08:12:50,8,12
2023-05-27 08:17:50,8,11
2023-05-27 08:22:50,8,11
2023-05-27 08:27:50,8,11
2023-05-27 08:32:50,8,11
2023-05-27 08:37:50,8,11
2023-05-27 08:42:50,8,11
2023-05-27 08:47:50,7,11
2023-05-27 08:52:50,7,11
2023-05-27 08:57:50,7,11
2023-05-27 09:02:50,7,11
2023-05-27 09:07:50,7,11
2023-05-27 09:12:50,7,10
2023-05-27 09:17:50,7,10
2023-05-27 09:22:50,7,10
2023-05-27 09:27:50,7,10
2023-05-27 09:32:50,7,10
2023-05-27 09:37:50,7,10
2023-05-27 09:42:50,7,10
2023-05-27 09:47:50,7,10
2023-05-27 09:52:50,7,10
2023-05-27 09:57:50,7,10
2023-05-27 10:02:50,6,9
2023-05-27 10:07:50,6,9
2023-05-27 10:12:50,6,9
2023-05-27 10:17:50,6,9
2023-05-27 10:22:50,6,9
2023-05-27 10:27:50,6,9
2023-05-27 10:32:50,6,9
2023-05-27 10:37:50,6,9
2023-05-27 10:42:50,6,8
2023-05-27 10:47:50,6,8
2023-05-27 10:52:50,6,8
2023-05-27 10:57:50,6,8
2023-05-27 11:02:50,5,8
2023-05-27 11:07:50,5,8
2023-05-27 11:12:50,5,8
2023-05-27 11:17:50,5,8
2023-05-27 11:22:50,5,7
2023-05-27 11:27:50,5,7
2023-05-27 11:32:50,5,7
2023-05-27 11:37:50,5,7
2023-05-27 11:42:50,5,7
2023-05-27 11:47:50,5,7
2023-05-27 11:52:50,5,7
2023-05-27 11:57:50,5,7
2023-05-27 12:02:50,4,6
2023-05-27 12:07:50,4,6
2023-05-27 12:12:50,4,6
2023-05-27 12:17:50,4,6
2023-05-27 12:22:50,4,6
2023-05-27 12:27:50,4,6
2023-05-27 12:32:50,4,6
2023-05-27 12:37:50,4,6
2023-05-27 12:42:50,4,5
2023-05-27 12:47:50,4,5
2023-05-27 12:52:50,4,5
2023-05-27 12:57:50,4,5
2023-05-27 13:02:50,3,5
2023-05-27 13:07:50,3,5
2023-05-27 13:12:50,3,5
2023-05-27 13:17:50,3,5
2023-05-27 13:22:50,3,4
2023-05-27 13:27:50,3,4
2023-05-27 13:32:50,3,4
2023-05-27 13:37:50,3,4
2023-05-27 13:42:50,3,4
2023-05-27 13:47:50,3,4
2023-05-27 13:52:50,3,4
2023-05-27 13:57:50,3,4
2023-05-27 14:02:50,2,3
2023-05-27 14:07:50,2,3
2023-05-27 14:12:50,2,3
2023-05-27 14:17:50,2,3
2023-05-27 14:22:50,2,3
2023-05-27 14:27:50,2,3
2023-05-27 14:32:50,2,3
2023-05-27 14:37:50,2,3
2023-05-27 14:42:50,2,3
2023-05-27 14:47:50,2,2
2023-05-27 14:52:50,2,2
2023-05-27 14:57:50,2,2
2023-05-27 15:02:50,2,2
2023-05-27 15:07:50,2,2
2023-05-27 15:12:50,2,2
2023-05-27 15:17:50,1,2
2023-05-27 15:22:50,1,2
2023-05-27 15:27:50,1,2
2023-05-27 15:32:50,1,2
2023-05-27 15:37:50,1,2
2023-05-27 15:42:50,1,2
2023-05-27 15:47:50,1,1
2023-05-27 15:52:50,1,1
2023-05-27 15:57:50,1,1
2023-05-27 16:02:50,1,1
2023-05-27 16:07:50,1,1
2023-05-27 16:12:50,1,1
2023-05-27 16:17:50,1,1
2023-05-27 16:22:50,1,1
2023-05-27 16:27:50,1,1
2023-05-27 16:32:50,1,1
2023-05-27 16:37:50,1,1
2023-05-27 16:42:50,1,1
2023-05-27 16:47:50,1,1
2023-05-27 16:52:50,1,1
2023-05-27 16:57:50,1,1
2023-05-27 17:02:50,1,1
2023-05-27 17:07:50,1,1
2023-05-27 17:12:50,1,1
2023-05-27 17:17:50,1,1
2023-05-27 17:22:50,1,1
2023-05-27 17:27:50,1,1
2023-05-27 17:32:50,1,1
2023-05-27 17:37:50,1,1
2023-05-27 17:42:50,1,1
2023-05-27 17:47:50,1,1
2023-05-27 17:52:50,1,1
2023-05-27 17:57:50,1,1
2023-05-27 18:02:50,1,1
2023-05-27 18:07:50,1,1
2023-05-27 18:12:50,1,1
2023-05-27 18:17:50,1,1
2023-05-27 18:22:50,1,1
2023-05-27 18:27:50,1,1
2023-05-27 18:32:50,1,1
2023-05-27 18:37:50,1,1
2023-05-27 18:42:50,1,1
2023-05-27 18:47:50,1,1
2023-05-27 18:52:50,1,1
2023-05-27 18:57:50,1,1
2023-05-27 19:02:50,1,1
2023-05-27 19:07:50,1,1
2023-05-27 19:12:50,1,1
2023-05-27 19:17:50,1,1
2023-05-27 19:22:50,1,1
2023-05-27 19:27:50,1,1
2023-05-27 19:32:50,1,1
2023-05-27 19:37:50,1,1
2023-05-27 19:42:50,1,1
2023-05-27 19:47:50,1,1
2023-05-27 19:52:50,1,1
2023-05-27 19:57:50,1,1
2023-05-27 20:02:50,1,1
2023-05-27 20:07:50,1,1
2023-05-27 20:12:50,1,1
2023-05-27 20:17:50,1,2
2023-05-27 20:22:50,1,2
2023-05-27 20:27:50,1,2
2023-05-27 20:32:50,1,2
2023-05-27 20:37:50,1,2
2023-05-27 20:42:50,1,2
2023-05-27 20:47:50,2,2
2023-05-27 20:52:50,2,2
2023-05-27 20:57:50,2,2
2023-05-27 21:02:50,2,2
2023-05-27 21:07:50,2,2
2023-05-27 21:12:50,2,3
2023-05-27 21:17:50,2,3
2023-05-27 21:22:50,2,3
2023-05-27 21:27:50,2,3
2023-05-27 21:32:50,2,3
2023-05-27 21:37:50,2,3
2023-05-27 21:42:50,2,3
2023-05-27 21:47:50,2,3
2023-05-27 21:52:50,2,3
2023-05-27 21:57:50,2,3
2023-05-27 22:02:50,3,4
2023-05-27 22:07:50,3,4
2023-05-27 22:12:50,3,4
2023-05-27 22:17:50,3,4
2023-05-27 22:22:50,3,4
2023-05-27 22:27:50,3,4
2023-05-27 22:32:50,3,4
2023-05-27 22:37:50,3,4
2023-05-27 22:42:50,3,5
2023-05-27 22:47:50,3,5
2023-05-27 22:52:50,3,5
2023-05-27 22:57:50,3,5
2023-05-27 23:02:50,4,5
2023-05-27 23:07:50,4,5
2023-05-27 23:12:50,4,5
2023-05-27 23:17:50,4,5
2023-05-27 23:22:50,4,6
2023-05-27 23:27:50,4,6
2023-05-27 23:32:50,4,6
2023-05-27 23:37:50,4,6
2023-05-27 23:42:50,4,6
2023-05-27 23:47:50,4,6
2023-05-27 23:52:50,4,6
2023-05-27 23:57:50,4,6
2023-05-28 00:02:50,5,7
2023-05-28 00:07:50,5,7
2023-05-28 00:12:50,5,7
2023-05-28 00:17:50,5,7
2023-05-28 00:22:50,5,7
2023-05-28 00:27:50,5,7
2023-05-28 00:32:50,5,7
2023-05-28 00:37:50,5,7
2023-05-28 00:42:50,5,8
2023-05-28 00:47:50,5,8
2023-05-28 00:52:50,5,8
2023-05-28 00:57:50,5,8
2023-05-28 01:02:50,6,8
2023-05-28 01:07:50,6,8
2023-05-28 01:12:50,6,8
2023-05-28 01:17:50,6,8
2023-05-28 01:22:50,6,9
2023-05-28 01:27:50,6,9
2023-05-28 01:32:50,6,9
2023-05-28 01:37:50,6,9
2023-05-28 01:42:50,6,9
2023-05-28 01:47:50,6,9
2023-05-28 01:52:50,6,9
2023-05-28 01:57:50,6,9
2023-05-28 02:02:50,7,10
2023-05-28 02:07:50,7,10
2023-05-28 02:12:50,7,10
2023-05-28 02:17:50,7,10
2023-05-28 02:22:50,7,10
2023-05-28 02:27:50,7,10
2023-05-28 02:32:50,7,10
2023-05-28 02:37:50,7,10
2023-05-28 02:42:50,7,10
2023-05-28 02:47:50,7,11
2023-05-28 02:52:50,7,11
2023-05-28 02:57:50,7,11
2023-05-28 03:02:50,7,11
2023-05-28 03:07:50,7,11
2023-05-28 03:12:50,7,11
2023-05-28 03:17:50,8,11
2023-05-28 03:22:50,8,11
2023-05-28 03:27:50,8,11
2023-05-28 03:32:50,8,11
2023-05-28 03:37:50,8,11
2023-05-28 03:42:50,8,11
2023-05-28 03:47:50,8,12
2023-05-28 03:52:50,8,12
2023-05-28 03:57:50,8,12
2023-05-28 04:02:50,8,12
2023-05-28 04:07:50,8,12
2023-05-28 04:12:50,8,12
2023-05-28 04:17:50,8,12
2023-05-28 04:22:50,8,12
2023-05-28 04:27:50,8,12
2023-05-28 04:32:50,8,12
2023-05-28 04:37:50,8,12
2023-05-28 04:42:50,8,12
2023-05-28 04:47:50,8,12
2023-05-28 04:52:50,8,12
2023-05-28 04:57:50,8,12
2023-05-28 05:02:50,8,12
2023-05-28 05:07:50,8,12
2023-05-28 05:12:50,8,12
2023-05-28 05:17:50,8,12
2023-05-28 05:22:50,8,12
2023-05-28 05:27:50,8,12
2023-05-28 05:32:50,8,12
2023-05-28 05:37:50,8,12
2023-05-28 05:42:50,8,12
2023-05-28 05:47:50,8,12
2023-05-28 05:52:50,8,12
2023-05-28 05:57:50,8,12
2023-05-28 06:02:50,8,12
2023-05-28 06:07:50,8,12
2023-05-28 06:12:50,8,12
2023-05-28 06:17:50,8,12
2023-05-28 06:22:50,8,12
2023-05-28 06:27:50,8,12
2023-05-28 06:32:50,8,12
2023-05-28 06:37:50,8,12
2023-05-28 06:42:50,8,12
2023-05-28 06:47:50,8,12
2023-05-28 06:52:50,8,12
2023-05-28 06:57:50,8,12
2023-05-28 07:02:50,8,12
2023-05-28 07:07:50,8,12
2023-05-28 07:12:50,8,12
2023-05-28 07:17:50,8,12
2023-05-28 07:22:50,8,12
2023-05-28 07:27:50,8,12
2023-05-28 07:32:50,8,12
2023-05-28 07:37:50,8,12
2023-05-28 07:42:50,8,12
2023-05-28 07:47:50,8,12
2023-05-28 07:52:50,8,12
2023-05-28 07:57:50,8,12
2023-05-28 08:02:50,8,12
2023-05-28 08:07:50,8,12
2023-05-28 08:12:50,8,12
2023-05-28 08:17:50,8,11
2023-05-28 08:22:50,8,11
2023-05-28 08:27:50,8,11
2023-05-28 08:32:50,8,11
2023-05-28 08:37:50,8,11
2023-05-28 08:42:50,8,11
2023-05-28 08:47:50,7,11
2023-05-28 08:52:50,7,11
2023-05-28 08:57:50,7,11
2023-05-28 09:02:50,7,11
2023-05-28 09:07:50,7,11
2023-05-28 09:12:50,7,10
2023-05-28 09:17:50,7,10
2023-05-28 09:22:50,7,10
2023-05-28 09:27:50,7,10
2023-05-28 09:32:50,7,10
2023-05-28 09:37:50,7,10
2023-05-28 09:42:50,7,10
2023-05-28 09:47:50,7,10
2023-05-28 09:52:50,7,10
2023-05-28 09:57:50,7,10
2023-05-28 10:02:50,6,9
2023-05-28 10:07:50,6,9
2023-05-28 10:12:50,6,9
2023-05-28 10:17:50,6,9
2023-05-28 10:22:50,6,9
2023-05-28 10:27:50,6,9
2023-05-28 10:32:50,6,9
2023-05-28 10:37:50,6,9
2023-05-28 10:42:50,6,8
2023-05-28 10:47:50,6,8
2023-05-28 10:52:50,6,8
2023-05-28 10:57:50,6,8
2023-05-28 11:02:50,5,8
2023-05-28 11:07:50,5,8
2023-05-28 11:12:50,5,8
2023-05-28 11:17:50,5,8
2023-05-28 11:22:50,5,7
2023-05-28 11:27:50,5,7
2023-05-28 11:32:50,5,7
2023-05-28 11:37:50,5,7
2023-05-28 11:42:50,5,7
2023-05-28 11:47:50,5,7
2023-05-28 11:52:50,5,7
2023-05-28 11:57:50,5,7
2023-05-28 12:02:50,4,6
2023-05-28 12:07:50,4,6
2023-05-28 12:12:50,4,6
2023-05-28 12:17:50,4,6
2023-05-28 12:22:50,4,6
2023-05-28 12:27:50,4,6
2023-05-28 12:32:50,4,6
2023-05-28 12:37:50,4,6
2023-05-28 12:42:50,4,5
2023-05-28 12:47:50,4,5
2023-05-28 12:52:50,4,5
2023-05-28 12:57:50,4,5
2023-05-28 13:02:50,3,5
2023-05-28 13:07:50,3,5
2023-05-28 13:12:50,3,5
2023-05-28 13:17:50,3,5
2023-05-28 13:22:50,3,4
2023-05-28 13:27:50,3,4
2023-05-28 13:32:50,3,4
2023-05-28 13:37:50,3,4
2023-05-28 13:42:50,3,4
2023-05-28 13:47:50,3,4
2023-05-28 13:52:50,3,4
2023-05-28 13:57:50,3,4
2023-05-28 14:02:50,2,3
2023-05-28 14:07:50,2,3
2023-05-28 14:12:50,2,3
2023-05-28 14:17:50,2,3
2023-05-28 14:22:50,2,3
2023-05-28 14:27:50,2,3
2023-05-28 14:32:50,2,3
2023-05-28 14:37:50,2,3
2023-05-28 14:42:50,2,3
2023-05-28 14:47:50,2,2
2023-05-28 14:52:50,2,2
2023-05-28 14:57:50,2,2
2023-05-28 15:02:50,2,2
2023-05-28 15:07:50,2,2
2023-05-28 15:12:50,2,2
2023-05-28 15:17:50,1,2
2023-05-28 15:22:50,1,2
2023-05-28 15:27:50,1,2
2023-05-28 15:32:50,1,2
2023-05-28 15:37:50,1,2
2023-05-28 15:42:50,1,2
2023-05-28 15:47:50,1,1
2023-05-28 15:52:50,1,1
2023-05-28 15:57:50,1,1
2023-05-28 16:02:50,1,1
2023-05-28 16:07:50,1,1
2023-05-28 16:12:50,1,1
2023-05-28 16:17:50,1,1
2023-05-28 16:22:50,1,1
2023-05-28 16:27:50,1,1
2023-05-28 16:32:50,1,1
2023-05-28 16:37:50,1,1
2023-05-28 16:42:50,1,1
2023-05-28 16:47:50,1,1
2023-05-28 16:52:50,1,1
2023-05-28 16:57:50,1,1
2023-05-28 17:02:50,1,1
2023-05-28 17:07:50,1,1
2023-05-28 17:12:50,1,1
2023-05-28 17:17:50,1,1
2023-05-28 17:22:50,1,1
2023-05-28 17:27:50,1,1
2023-05-28 17:32:50,1,1
2023-05-28 17:37:50,1,1
2023-05-28 17:42:50,1,1
2023-05-28 17:47:50,1,1
2023-05-28 17:52:50,1,1
2023-05-28 17:57:50,1,1
2023-05-28 18:02:50,1,1
2023-05-28 18:07:50,1,1
2023-05-28 18:12:50,1,1
2023-05-28 18:17:50,1,1
2023-05-28 18:22:50,1,1
2023-05-28 18:27:50,1,1
2023-05-28 18:32:50,1,1
2023-05-28 18:37:50,1,1
2023-05-28 18:42:50,1,1
2023-05-28 18:47:50,1,1
2023-05-28 18:52:50,1,1
2023-05-28 18:57:50,1,1
2023-05-28 19:02:50,1,1
2023-05-28 19:07:50,1,1
2023-05-28 19:12:50,1,1
2023-05-28 19:17:50,1,1
2023-05-28 19:22:50,1,1
2023-05-28 19:27:50,1,1
2023-05-28 19:32:50,1,1
2023-05-28 19:37:50,1,1
2023-05-28 19:42:50,1,1
2023-05-28 19:47:50,1,1
2023-05-28 19:52:50,1,1
2023-05-28 19:57:50,1,1
2023-05-28 20:02:50,1,1
2023-05-28 20:07:50,1,1
2023-05-28 20:12:50,1,1
2023-05-28 20:17:50,1,2
2023-05-28 20:22:50,1,2
2023-05-28 20:27:50,1,2
2023-05-28 20:32:50,1,2
2023-05-28 20:37:50,1,2
2023-05-28 20:42:50,1,2
2023-05-28 20:47:50,2,2
2023-05-28 20:52:50,2,2
2023-05-28 20:57:50,2,2
2023-05-28 21:02:50,2,2
2023-05-28 21:07:50,2,2
2023-05-28 21:12:50,2,3
2023-05-28 21:17:50,2,3
2023-05-28 21:22:50,2,3
2023-05-28 21:27:50,2,3
2023-05-28 21:32:50,2,3
2023-05-28 21:37:50,2,3
2023-05-28 21:42:50,2,3
2023-05-28 21:47:50,2,3
2023-05-28 21:52:50,2,3
2023-05-28 21:57:50,2,3
2023-05-28 22:02:50,3,4
2023-05-28 22:07:50,3,4
2023-05-28 22:12:50,3,4
2023-05-28 22:17:50,3,4
2023-05-28 22:22:50,3,4
2023-05-28 22:27:50,3,4
2023-05-28 22:32:50,3,4
2023-05-28 22:37:50,3,4
2023-05-28 22:42:50,3,5
2023-05-28 22:47:50,3,5
2023-05-28 22:52:50,3,5
2023-05-28 22:57:50,3,5
2023-05-28 23:02:50,4,5
2023-05-28 23:07:50,4,5
2023-05-28 23:12:50,4,5
2023-05-28 23:17:50,4,5
2023-05-28 23:22:50,4,6
2023-05-28 23:27:50,4,6
2023-05-28 23:32:50,4,6
2023-05-28 23:37:50,4,6
2023-05-28 23:42:50,4,6
2023-05-28 23:47:50,4,6
2023-05-28 23:52:50,4,6
2023-05-28 23:57:50,4,6
2023-05-29 00:02:50,5,7
2023-05-29 00:07:50,5,7
2023-05-29 00:12:50,5,7
2023-05-29 00:17:50,5,7
2023-05-29 00:22:50,5,7
2023-05-29 00:27:50,5,7
2023-05-29 00:32:50,5,7
2023-05-29 00:37:50,5,7
2023-05-29 00:42:50,5,8
2023-05-29 00:47:50,5,8
2023-05-29 00:52:50,5,8
2023-05-29 00:57:50,5,8
2023-05-29 01:02:50,6,8
2023-05-29 01:07:50,6,8
2023-05-29 01:12:50,6,8
2023-05-29 01:17:50,6,8
2023-05-29 01:22:50,6,9
2023-05-29 01:27:50,6,9
2023-05-29 01:32:50,6,9
2023-05-29 01:37:50,6,9
2023-05-29 01:42:50,6,9
2023-05-29 01:47:50,6,9
2023-05-29 01:52:50,6,9
2023-05-29 01:57:50,6,9
2023-05-29 02:02:50,7,10
2023-05-29 02:07:50,7,10
2023-05-29 02:12:50,7,10
2023-05-29 02:17:50,7,10
2023-05-29 02:22:50,7,10
2023-05-29 02:27:50,7,10
2023-05-29 02:32:50,7,10
2023-05-29 02:37:50,7,10
2023-05-29 02:42:50,7,10
2023-05-29 02:47:50,7,11
2023-05-29 02:52:50,7,11
2023-05-29 02:57:50,7,11
2023-05-29 03:02:50,7,11
2023-05-29 03:07:50,7,11
2023-05-29 03:12:50,7,11
2023-05-29 03:17:50,8,11
2023-05-29 03:22:50,8,11
2023-05-29 03:27:50,8,11
2023-05-29 03:32:50,8,11
2023-05-29 03:37:50,8,11
2023-05-29 03:42:50,8,11
2023-05-29 03:47:50,8,12
2023-05-29 03:52:50,8,12
2023-05-29 03:57:50,8,12
2023-05-29 04:02:50,8,12
2023-05-29 04:07:50,8,12
2023-05-29 04:12:50,8,12
2023-05-29 04:17:50,8,12
2023-05-29 04:22:50,8,12
2023-05-29 04:27:50,8,12
2023-05-29 04:32:50,8,12
2023-05-29 04:37:50,8,12
2023-05-29 04:42:50,8,12
2023-05-29 04:47:50,8,12
2023-05-29 04:52:50,8,12
2023-05-29 04:57:50,8,12
2023-05-29 05:02:50,8,12
2023-05-29 05:07:50,8,12
2023-05-29 05:12:50,8,12
2023-05-29 05:17:50,8,12
2023-05-29 05:22:50,8,12
2023-05-29 05:27:50,8,12
2023-05-29 05:32:50,8,12
2023-05-29 05:37:50,8,12
2023-05-29 05:42:50,8,12
2023-05-29 05:47:50,8,12
2023-05-29 05:52:50,8,12
2023-05-29 05:57:50,8,12
2023-05-29 06:02:50,8,12
2023-05-29 06:07:50,8,12
2023-05-29 06:12:50,8,12
2023-05-29 06:17:50,8,12
2023-05-29 06:22:50,8,12
2023-05-29 06:27:50,8,12
2023-05-29 06:32:50,8,12
2023-05-29 06:37:50,8,12
2023-05-29 06:42:50,8,12
2023-05-29 06:47:50,8,12
2023-05-29 06:52:50,8,12
2023-05-29 06:57:50,8,12
2023-05-29 07:02:50,8,12
2023-05-29 07:07:50,8,12
2023-05-29 07:12:50,8,12
2023-05-29 07:17:50,8,12
2023-05-29 07:22:50,8,12
2023-05-29 07:27:50,8,12
2023-05-29 07:32:50,8,12
2023-05-29 07:37:50,8,12
2023-05-29 07:42:50,8,12
2023-05-29 07:47:50,8,12
2023-05-29 07:52:50,8,12
2023-05-29 07:57:50,8,12
2023-05-29 08:02:50,8,12
2023-05-29 08:07:50,8,12
2023-05-29 08:12:50,8,12
2023-05-29 08:17:50,8,11
2023-05-29 08:22:50,8,11
2023-05-29 08:27:50,8,11
2023-05-29 08:32:50,8,11
2023-05-29 08:37:50,8,11
2023-05-29 08:42:50,8,11
2023-05-29 08:47:50,7,11
2023-05-29 08:52:50,7,11
2023-05-29 08:57:50,7,11
2023-05-29 09:02:50,7,11
2023-05-29 09:07:50,7,11
2023-05-29 09:12:50,7,10
2023-05-29 09:17:50,7,10
2023-05-29 09:22:50,7,10
2023-05-29 09:27:50,7,10
2023-05-29 09:32:50,7,10
2023-05-29 09:37:50,7,10
2023-05-29 09:42:50,7,10
2023-05-29 09:47:50,7,10
2023-05-29 09:52:50,7,10
2023-05-29 09:57:50,7,10
2023-05-29 10:02:50,6,9
2023-05-29 10:07:50,6,9
2023-05-29 10:12:50,6,9
2023-05-29 10:17:50,6,9
2023-05-29 10:22:50,6,9
2023-05-29 10:27:50,6,9
2023-05-29 10:32:50,6,9
2023-05-29 10:37:50,6,9
2023-05-29 10:42:50,6,8
2023-05-29 10:47:50,6,8
2023-05-29 10:52:50,6,8
2023-05-29 10:57:50,6,8
2023-05-29 11:02:50,5,8
2023-05-29 11:07:50,5,8
2023-05-29 11:12:50,5,8
2023-05-29 11:17:50,5,8
2023-05-29 11:22:50,5,7
2023-05-29 11:27:50,5,7
2023-05-29 11:32:50,5,7
2023-05-29 11:37:50,5,7
2023-05-29 11:42:50,5,7
2023-05-29 11:47:50,5,7
2023-05-29 11:52:50,5,7
2023-05-29 11:57:50,5,7
2023-05-29 12:02:50,4,6
2023-05-29 12:07:50,4,6
2023-05-29 12:12:50,4,6
2023-05-29 12:17:50,4,6
2023-05-29 12:22:50,4,6
2023-05-29 12:27:50,4,6
2023-05-29 12:32:50,4,6
2023-05-29 12:37:50,4,6
2023-05-29 12:42:50,4,5
2023-05-29 12:47:50,4,5
2023-05-29 12:52:50,4,5
2023-05-29 12:57:50,4,5
2023-05-29 13:02:50,3,5
2023-05-29 13:07:50,3,5
2023-05-29 13:12:50,3,5
2023-05-29 13:17:50,3,5
2023-05-29 13:22:50,3,4
2023-05-29 13:27:50,3,4
2023-05-29 13:32:50,3,4
2023-05-29 13:37:50,3,4
2023-05-29 13:42:50,3,4
2023-05-29 13:47:50,3,4
2023-05-29 13:52:50,3,4
2023-05-29 13:57:50,3,4
2023-05-29 14:02:50,2,3
2023-05-29 14:07:50,2,3
2023-05-29 14:12:50,2,3
2023-05-29 14:17:50,2,3
2023-05-29 14:22:50,2,3
2023-05-29 14:27:50,2,3
2023-05-29 14:32:50,2,3
2023-05-29 14:37:50,2,3
2023-05-29 14:42:50,2,3
2023-05-29 14:47:50,2,2
2023-05-29 14:52:50,2,2
2023-05-29 14:57:50,2,2
2023-05-29 15:02:50,2,2
2023-05-29 15:07:50,2,2
2023-05-29 15:12:50,2,2
2023-05-29 15:17:50,1,2
2023-05-29 15:22:50,1,2
2023-05-29 15:27:50,1,2
2023-05-29 15:32:50,1,2
2023-05-29 15:37:50,1,2
2023-05-29 15:42:50,1,2
2023-05-29 15:47:50,1,1
2023-05-29 15:52:50,1,1
2023-05-29 15:57:50,1,1
2023-05-29 16:02:50,1,1
2023-05-29 16:07:50,1,1
2023-05-29 16:12:50,1,1
2023-05-29 16:17:50,1,1
2023-05-29 16:22:50,1,1
2023-05-29 16:27:50,1,1
2023-05-29 16:32:50,1,1
2023-05-29 16:37:50,1,1
2023-05-29 16:42:50,1,1
2023-05-29 16:47:50,1,1
2023-05-29 16:52:50,1,1
2023-05-29 16:57:50,1,1
2023-05-29 17:02:50,1,1
2023-05-29 17:07:50,1,1
2023-05-29 17:12:50,1,1
2023-05-29 17:17:50,1,1
2023-05-29 17:22:50,1,1
2023-05-29 17:27:50,1,1
